visit_id,patient_id,visit_date,visit_type
1,2401,2023-12-18,généraliste
2,300,2023-04-03,urgences
3,239,2025-08-23,généraliste
4,1704,2020-09-15,généraliste
5,1357,2024-02-29,pédiatre
6,1405,2023-08-11,généraliste
7,43,2021-10-13,généraliste
8,2178,2025-01-24,pneumologue
9,1093,2023-03-10,urgences
10,2319,2024-06-18,pneumologue
11,648,2024-09-14,généraliste
12,906,2020-06-01,généraliste
13,748,2024-04-24,pneumologue
14,1546,2021-05-04,pédiatre
15,1443,2025-04-25,pédiatre
16,1956,2021-01-25,généraliste
17,129,2019-07-07,urgences
18,2112,2019-12-30,pédiatre
19,1548,2025-04-14,urgences
20,325,2022-07-17,urgences
21,556,2020-11-06,généraliste
22,11,2023-11-04,urgences
23,2034,2022-04-17,urgences
24,280,2025-04-19,pneumologue
25,1911,2025-05-19,urgences
26,1194,2021-04-13,pédiatre
27,421,2025-04-22,pneumologue
28,1953,2025-05-08,pédiatre
29,1585,2024-11-08,pédiatre
30,2053,2024-12-27,généraliste
31,1471,2022-01-01,pédiatre
32,1693,2025-09-20,généraliste
33,1258,2025-03-25,pédiatre
34,1572,2025-04-29,pédiatre
35,545,2022-07-19,généraliste
36,740,2019-05-21,urgences
37,1459,2025-10-24,urgences
38,1768,2025-05-07,pédiatre
39,922,2024-10-12,généraliste
40,907,2022-11-30,généraliste
41,2467,2019-08-04,pédiatre
42,1987,2024-10-22,pédiatre
43,487,2025-05-19,pneumologue
44,1271,2021-01-08,urgences
45,743,2024-01-28,pédiatre
46,891,2024-12-09,généraliste
47,1962,2025-06-03,généraliste
48,1533,2023-08-09,généraliste
49,2454,2023-10-10,généraliste
50,1369,2024-09-30,urgences
51,966,2024-10-29,généraliste
52,1839,2020-04-10,pédiatre
53,2281,2025-03-12,généraliste
54,2439,2025-03-06,urgences
55,1173,2021-11-07,urgences
56,665,2021-09-02,urgences
57,529,2020-03-25,généraliste
58,793,2023-09-02,pédiatre
59,1947,2023-10-05,pédiatre
60,225,2025-06-03,urgences
61,1362,2024-07-12,pédiatre
62,2404,2021-06-15,pédiatre
63,1754,2021-06-23,pédiatre
64,2169,2025-07-03,urgences
65,638,2020-09-06,pédiatre
66,329,2022-02-09,généraliste
67,240,2024-01-14,urgences
68,2074,2021-04-12,urgences
69,1390,2022-04-15,urgences
70,803,2025-02-10,généraliste
71,2469,2023-01-22,pédiatre
72,2448,2021-11-01,pédiatre
73,1507,2023-11-02,généraliste
74,641,2024-12-19,pédiatre
75,2148,2024-03-07,généraliste
76,2058,2020-04-16,pédiatre
77,86,2025-08-10,urgences
78,1191,2020-06-07,pédiatre
79,1977,2025-08-03,généraliste
80,2439,2024-12-05,généraliste
81,2401,2022-01-04,urgences
82,328,2023-03-20,urgences
83,1238,2021-06-10,généraliste
84,1794,2019-11-01,pédiatre
85,2340,2024-11-12,urgences
86,924,2020-01-08,pneumologue
87,224,2022-11-06,généraliste
88,299,2023-02-18,pédiatre
89,2205,2024-06-10,pneumologue
90,1303,2024-05-03,généraliste
91,1756,2025-02-21,généraliste
92,2077,2025-04-28,généraliste
93,2468,2022-11-07,urgences
94,181,2025-02-28,pneumologue
95,2359,2022-02-12,urgences
96,1810,2022-06-27,urgences
97,1285,2022-03-27,pédiatre
98,1088,2020-08-27,généraliste
99,347,2020-07-13,généraliste
100,1724,2023-06-09,pédiatre
101,566,2024-05-04,généraliste
102,1912,2023-12-21,pneumologue
103,683,2022-05-16,urgences
104,2138,2025-07-28,généraliste
105,2293,2023-02-07,urgences
106,754,2022-10-25,urgences
107,1642,2023-05-24,pédiatre
108,944,2024-12-28,généraliste
109,1541,2022-10-14,urgences
110,1188,2024-02-01,pédiatre
111,43,2025-04-04,pédiatre
112,2386,2021-11-09,urgences
113,2082,2024-09-23,pédiatre
114,896,2024-12-21,pédiatre
115,2473,2024-12-04,pédiatre
116,1826,2025-03-30,généraliste
117,169,2020-08-10,urgences
118,657,2019-05-28,généraliste
119,267,2023-05-13,urgences
120,589,2020-05-16,urgences
121,872,2020-04-19,généraliste
122,958,2025-10-12,urgences
123,886,2020-08-31,urgences
124,2489,2020-11-23,pneumologue
125,1821,2025-08-07,généraliste
126,973,2020-04-05,généraliste
127,1581,2025-03-01,généraliste
128,847,2024-10-25,pédiatre
129,1502,2025-08-23,généraliste
130,2395,2019-08-08,pédiatre
131,474,2021-06-08,pédiatre
132,810,2025-12-11,généraliste
133,18,2020-01-14,urgences
134,1633,2022-09-13,généraliste
135,1258,2025-06-18,pédiatre
136,646,2022-03-14,pédiatre
137,2269,2022-04-02,généraliste
138,1767,2025-03-26,pneumologue
139,1349,2024-12-17,pédiatre
140,798,2021-02-09,urgences
141,961,2020-10-28,généraliste
142,1013,2023-06-08,pédiatre
143,1005,2019-04-15,pédiatre
144,2166,2022-03-09,urgences
145,914,2021-11-25,urgences
146,2151,2024-11-25,pédiatre
147,2155,2024-06-20,pédiatre
148,2355,2025-04-27,généraliste
149,2105,2024-04-06,pneumologue
150,2360,2024-05-24,pédiatre
151,1011,2022-10-21,urgences
152,1367,2022-08-24,généraliste
153,455,2023-01-05,pédiatre
154,2015,2024-02-12,urgences
155,1791,2022-01-07,pneumologue
156,1929,2024-07-29,pédiatre
157,1614,2023-11-09,urgences
158,928,2022-08-05,urgences
159,769,2025-10-07,généraliste
160,1739,2022-02-09,généraliste
161,1173,2024-11-07,urgences
162,211,2025-11-09,généraliste
163,592,2020-11-03,urgences
164,1078,2022-10-19,généraliste
165,164,2023-05-24,pédiatre
166,1431,2023-11-06,urgences
167,162,2020-06-29,urgences
168,955,2022-12-16,urgences
169,868,2019-02-20,généraliste
170,970,2025-10-05,pneumologue
171,920,2024-03-29,généraliste
172,580,2025-09-08,urgences
173,1741,2023-09-03,urgences
174,2438,2025-04-01,généraliste
175,516,2020-10-30,pédiatre
176,1010,2021-01-26,pédiatre
177,1387,2024-05-13,urgences
178,2281,2025-04-08,généraliste
179,520,2025-04-17,urgences
180,678,2022-01-10,pneumologue
181,2160,2025-10-26,urgences
182,1654,2025-07-18,urgences
183,1104,2022-07-09,urgences
184,1187,2024-12-15,pneumologue
185,2417,2023-12-22,pédiatre
186,186,2025-04-16,pneumologue
187,1989,2022-01-09,urgences
188,1148,2021-07-13,urgences
189,2135,2024-03-31,pédiatre
190,1077,2024-10-09,urgences
191,2162,2022-10-31,pédiatre
192,22,2025-05-04,pneumologue
193,1544,2025-05-23,urgences
194,1415,2024-02-28,pneumologue
195,1616,2024-05-19,urgences
196,1299,2023-11-22,pneumologue
197,462,2025-11-23,généraliste
198,1346,2025-05-27,pédiatre
199,2377,2023-09-27,pneumologue
200,100,2023-08-05,pédiatre
201,437,2023-08-10,généraliste
202,526,2023-10-21,généraliste
203,156,2023-12-15,pneumologue
204,1606,2021-12-10,urgences
205,22,2025-11-08,généraliste
206,1117,2025-01-30,urgences
207,1576,2023-04-11,urgences
208,799,2019-02-14,pédiatre
209,1059,2023-09-12,généraliste
210,1568,2024-05-24,urgences
211,2181,2024-02-14,urgences
212,1469,2025-01-17,généraliste
213,1228,2025-10-20,urgences
214,2056,2022-01-12,pédiatre
215,858,2025-11-26,urgences
216,2162,2023-08-01,généraliste
217,1797,2025-03-23,pédiatre
218,1607,2024-08-19,pédiatre
219,331,2024-04-29,urgences
220,665,2020-10-21,pneumologue
221,2450,2023-05-18,urgences
222,496,2022-07-15,pédiatre
223,1451,2020-08-04,généraliste
224,2155,2024-05-18,pédiatre
225,1446,2025-06-10,généraliste
226,1920,2024-03-11,généraliste
227,1743,2019-04-15,urgences
228,1176,2025-10-17,généraliste
229,2174,2025-10-25,urgences
230,1123,2024-07-07,urgences
231,387,2024-02-20,urgences
232,611,2024-02-21,pédiatre
233,1478,2022-03-23,pédiatre
234,1021,2019-07-13,généraliste
235,2223,2025-10-26,pédiatre
236,397,2025-06-16,généraliste
237,45,2019-05-14,généraliste
238,144,2024-01-06,urgences
239,2474,2025-08-01,urgences
240,2049,2022-08-17,urgences
241,2389,2019-03-16,urgences
242,2034,2022-06-15,généraliste
243,150,2024-01-04,urgences
244,2093,2025-05-03,urgences
245,688,2025-10-17,urgences
246,1969,2020-04-07,pédiatre
247,923,2025-03-13,urgences
248,1352,2024-11-01,pneumologue
249,1285,2023-09-15,urgences
250,359,2022-05-20,généraliste
251,2044,2025-09-09,pédiatre
252,2421,2019-07-08,urgences
253,1064,2023-11-16,pédiatre
254,1915,2023-02-12,urgences
255,789,2024-09-13,urgences
256,2035,2019-07-19,pédiatre
257,640,2025-04-14,urgences
258,27,2025-02-22,pédiatre
259,1019,2024-02-04,généraliste
260,1513,2019-07-09,urgences
261,1665,2025-03-13,pédiatre
262,1494,2025-08-07,pneumologue
263,2236,2025-03-17,pneumologue
264,17,2020-03-14,urgences
265,2407,2023-07-03,urgences
266,1216,2021-05-10,urgences
267,749,2024-12-01,urgences
268,2307,2024-05-14,généraliste
269,712,2024-11-16,généraliste
270,2505,2024-06-27,généraliste
271,717,2025-09-29,pédiatre
272,224,2025-08-31,pneumologue
273,1877,2024-03-22,pédiatre
274,609,2023-12-04,urgences
275,1091,2021-03-09,généraliste
276,1187,2025-03-30,généraliste
277,1856,2022-06-28,urgences
278,616,2024-06-05,urgences
279,1585,2025-09-06,généraliste
280,1405,2025-04-22,généraliste
281,192,2024-04-30,pédiatre
282,553,2024-02-11,généraliste
283,273,2023-04-02,urgences
284,1177,2025-07-30,généraliste
285,604,2024-05-19,urgences
286,1146,2023-12-10,généraliste
287,1752,2024-06-30,pédiatre
288,556,2025-04-09,urgences
289,785,2025-09-01,généraliste
290,2087,2025-06-03,pédiatre
291,2228,2024-01-09,urgences
292,789,2024-06-25,urgences
293,2124,2025-10-01,pédiatre
294,1729,2022-09-18,urgences
295,1736,2024-05-07,généraliste
296,2003,2025-03-12,pneumologue
297,383,2022-05-26,urgences
298,710,2024-08-31,pédiatre
299,2390,2025-12-26,urgences
300,1252,2020-08-26,pédiatre
301,1047,2022-05-05,pédiatre
302,630,2025-09-27,urgences
303,1709,2022-04-01,pneumologue
304,1425,2024-02-25,urgences
305,1629,2024-06-20,généraliste
306,1737,2024-09-28,pédiatre
307,2247,2021-11-09,généraliste
308,2338,2025-01-09,urgences
309,1032,2019-12-15,urgences
310,2083,2025-11-11,urgences
311,1218,2025-04-05,pédiatre
312,2453,2021-07-31,pédiatre
313,2105,2024-12-09,généraliste
314,303,2022-03-04,généraliste
315,1399,2021-08-14,pneumologue
316,2210,2022-10-02,généraliste
317,786,2021-03-20,pédiatre
318,1813,2022-12-07,pédiatre
319,2411,2019-09-15,pédiatre
320,631,2023-01-21,pédiatre
321,2269,2024-07-30,urgences
322,1364,2025-02-25,pneumologue
323,1690,2025-11-20,généraliste
324,1124,2023-09-13,pneumologue
325,1437,2025-06-01,pédiatre
326,2308,2020-07-27,généraliste
327,2208,2025-11-25,pédiatre
328,1753,2025-09-08,généraliste
329,899,2024-03-08,urgences
330,1259,2019-04-06,pédiatre
331,403,2025-12-13,pédiatre
332,1067,2023-11-24,généraliste
333,1986,2025-12-29,généraliste
334,94,2023-10-30,urgences
335,1867,2025-12-07,urgences
336,1247,2022-05-14,généraliste
337,1775,2025-07-09,généraliste
338,888,2019-06-14,généraliste
339,866,2021-02-03,pédiatre
340,949,2023-12-18,pneumologue
341,1555,2022-05-16,généraliste
342,2218,2024-03-09,généraliste
343,1493,2023-11-06,pédiatre
344,535,2025-06-12,généraliste
345,315,2022-12-24,urgences
346,1461,2021-09-22,généraliste
347,978,2023-11-28,pédiatre
348,537,2020-04-25,pédiatre
349,630,2025-04-25,pneumologue
350,2258,2022-07-23,pédiatre
351,1426,2024-07-03,pédiatre
352,1890,2019-04-10,généraliste
353,2392,2023-12-24,urgences
354,1462,2024-06-10,généraliste
355,1462,2024-09-06,généraliste
356,1516,2021-11-07,pédiatre
357,1913,2023-07-11,urgences
358,2106,2025-11-06,urgences
359,1288,2019-05-14,urgences
360,1955,2019-12-05,urgences
361,706,2024-12-27,urgences
362,858,2025-10-17,pneumologue
363,778,2025-05-25,urgences
364,2251,2020-07-03,urgences
365,104,2020-10-14,pédiatre
366,2109,2021-08-09,pédiatre
367,980,2022-03-11,généraliste
368,1053,2025-12-04,pédiatre
369,1195,2023-02-12,urgences
370,609,2023-11-06,généraliste
371,1070,2019-07-12,pédiatre
372,326,2021-01-06,pédiatre
373,1114,2023-01-26,pneumologue
374,1357,2022-08-17,urgences
375,243,2023-04-11,pédiatre
376,926,2023-07-27,urgences
377,1528,2022-02-21,généraliste
378,758,2025-06-10,généraliste
379,2247,2021-02-02,pédiatre
380,1483,2024-03-13,pédiatre
381,557,2023-12-12,pneumologue
382,256,2021-06-01,pédiatre
383,263,2023-05-31,pneumologue
384,2307,2023-04-07,pédiatre
385,1962,2025-08-12,pneumologue
386,926,2022-04-19,généraliste
387,289,2025-07-30,généraliste
388,2296,2021-01-15,urgences
389,1735,2023-12-24,généraliste
390,316,2023-01-15,pédiatre
391,427,2025-03-23,généraliste
392,613,2025-07-22,urgences
393,1166,2025-11-24,pédiatre
394,1526,2023-05-07,urgences
395,1237,2025-12-23,généraliste
396,784,2022-09-17,urgences
397,1915,2025-10-15,pédiatre
398,886,2022-02-27,pneumologue
399,1331,2020-09-10,urgences
400,2207,2020-03-09,pédiatre
401,384,2025-06-01,pédiatre
402,1374,2022-12-22,pneumologue
403,62,2021-06-25,urgences
404,686,2022-07-27,généraliste
405,1327,2025-08-26,généraliste
406,1252,2020-02-28,généraliste
407,821,2024-04-23,pédiatre
408,1891,2023-10-14,pédiatre
409,608,2025-12-13,pédiatre
410,943,2025-11-02,pneumologue
411,653,2024-08-14,pédiatre
412,699,2025-05-03,urgences
413,1294,2024-01-04,pneumologue
414,566,2022-02-14,pédiatre
415,1272,2023-10-28,pédiatre
416,333,2021-02-21,pédiatre
417,2143,2023-01-07,urgences
418,2359,2021-07-15,urgences
419,623,2023-10-27,urgences
420,296,2025-05-22,généraliste
421,894,2021-09-27,urgences
422,1565,2024-01-09,pédiatre
423,814,2025-07-03,pédiatre
424,257,2019-03-23,pédiatre
425,948,2020-12-01,généraliste
426,1324,2024-04-19,urgences
427,1911,2024-04-08,urgences
428,2340,2025-04-06,urgences
429,761,2020-11-21,généraliste
430,979,2025-01-13,urgences
431,1069,2022-12-22,pédiatre
432,1402,2021-11-13,urgences
433,1410,2024-04-23,urgences
434,799,2021-12-05,généraliste
435,414,2025-05-05,urgences
436,2155,2025-12-12,pédiatre
437,1331,2021-04-05,généraliste
438,42,2022-10-27,généraliste
439,1962,2024-07-07,pneumologue
440,2048,2025-03-29,urgences
441,1023,2021-04-24,généraliste
442,66,2025-05-14,urgences
443,243,2021-07-28,pédiatre
444,313,2025-06-11,pédiatre
445,364,2024-11-27,pédiatre
446,1491,2024-07-21,pédiatre
447,862,2023-01-03,urgences
448,907,2022-11-23,généraliste
449,2345,2019-04-29,pédiatre
450,1852,2025-07-29,pneumologue
451,2323,2023-02-05,généraliste
452,1387,2019-05-15,pédiatre
453,1957,2021-07-29,urgences
454,1848,2020-09-23,pédiatre
455,1788,2023-04-14,pédiatre
456,526,2024-03-25,pédiatre
457,2359,2025-09-22,urgences
458,442,2019-07-06,généraliste
459,1328,2024-10-05,pédiatre
460,2111,2019-06-11,pédiatre
461,186,2024-06-23,urgences
462,2422,2025-06-21,pneumologue
463,2253,2024-12-23,urgences
464,1285,2022-05-24,généraliste
465,209,2023-06-30,pédiatre
466,597,2022-10-26,urgences
467,1769,2020-09-26,pédiatre
468,2210,2023-01-08,généraliste
469,439,2024-01-05,pédiatre
470,1755,2024-01-30,urgences
471,1287,2025-10-05,généraliste
472,1783,2024-12-07,pédiatre
473,2482,2025-11-15,urgences
474,739,2024-02-14,généraliste
475,926,2019-06-25,pédiatre
476,1112,2024-05-19,généraliste
477,629,2020-08-04,généraliste
478,658,2024-06-24,généraliste
479,101,2025-03-18,pédiatre
480,1218,2021-08-20,pédiatre
481,2478,2019-02-09,généraliste
482,1684,2022-08-08,généraliste
483,2225,2024-06-06,généraliste
484,119,2025-03-08,pédiatre
485,958,2024-11-24,urgences
486,1511,2025-11-26,urgences
487,635,2022-12-03,généraliste
488,949,2025-09-01,pédiatre
489,863,2024-02-22,pédiatre
490,26,2025-06-10,urgences
491,936,2023-12-16,généraliste
492,1472,2023-02-10,généraliste
493,368,2023-11-29,généraliste
494,279,2023-01-14,pédiatre
495,1943,2025-08-10,pédiatre
496,671,2022-11-27,généraliste
497,604,2025-11-04,pédiatre
498,1349,2022-05-15,urgences
499,26,2025-10-17,généraliste
500,744,2023-02-06,pédiatre
501,1643,2023-07-03,pédiatre
502,706,2025-01-09,généraliste
503,687,2025-05-01,urgences
504,2405,2024-05-24,urgences
505,598,2023-06-18,urgences
506,236,2019-06-15,généraliste
507,911,2023-07-18,pédiatre
508,1488,2021-10-21,généraliste
509,685,2020-01-05,urgences
510,1844,2024-12-18,pédiatre
511,1392,2025-11-21,généraliste
512,678,2022-03-28,pneumologue
513,1002,2019-06-26,urgences
514,1430,2025-05-13,généraliste
515,1619,2024-11-27,généraliste
516,2278,2025-02-10,urgences
517,1836,2024-03-17,pédiatre
518,1811,2025-01-01,généraliste
519,562,2020-07-29,généraliste
520,975,2023-07-09,urgences
521,965,2022-06-24,généraliste
522,1752,2024-10-04,pédiatre
523,2405,2021-08-24,urgences
524,690,2024-10-10,urgences
525,1101,2019-08-23,pédiatre
526,1299,2024-07-31,urgences
527,1834,2021-11-22,généraliste
528,2106,2022-12-03,urgences
529,1991,2025-09-16,pédiatre
530,765,2024-09-19,urgences
531,494,2019-08-30,urgences
532,98,2025-05-30,pneumologue
533,1405,2025-12-20,pneumologue
534,112,2024-12-15,généraliste
535,1023,2020-11-12,pédiatre
536,1223,2023-01-01,pédiatre
537,503,2019-01-07,pédiatre
538,2161,2021-04-12,généraliste
539,1569,2025-08-04,pneumologue
540,280,2024-06-07,pédiatre
541,1789,2024-12-29,pédiatre
542,860,2022-07-01,généraliste
543,15,2023-12-11,urgences
544,1276,2019-02-16,généraliste
545,817,2024-07-18,urgences
546,1101,2022-12-19,pédiatre
547,2255,2025-05-15,généraliste
548,704,2025-12-17,pédiatre
549,1778,2023-11-02,généraliste
550,739,2024-10-30,urgences
551,1425,2022-05-10,pédiatre
552,867,2025-05-09,urgences
553,471,2023-11-06,urgences
554,1446,2025-09-06,pédiatre
555,676,2023-05-31,généraliste
556,1936,2024-04-24,généraliste
557,121,2019-09-09,pédiatre
558,41,2022-03-12,pédiatre
559,2081,2024-01-05,urgences
560,1348,2024-07-13,pédiatre
561,2271,2022-05-03,pédiatre
562,2398,2019-09-01,pédiatre
563,1767,2025-04-15,pédiatre
564,1568,2019-08-13,pédiatre
565,1473,2021-02-19,généraliste
566,741,2025-06-22,pédiatre
567,1177,2025-10-28,urgences
568,2181,2025-03-10,urgences
569,521,2024-04-03,urgences
570,1923,2024-07-06,pédiatre
571,2486,2022-08-21,pédiatre
572,1437,2025-12-31,pédiatre
573,853,2024-06-18,généraliste
574,2199,2025-07-15,pneumologue
575,419,2024-11-10,pneumologue
576,2099,2025-04-18,urgences
577,709,2022-04-24,urgences
578,1483,2025-11-19,généraliste
579,734,2025-05-24,urgences
580,918,2021-02-04,pédiatre
581,179,2025-12-17,pneumologue
582,1792,2025-12-28,urgences
583,571,2024-01-14,pédiatre
584,521,2022-03-20,pédiatre
585,2003,2020-12-02,pédiatre
586,2470,2020-11-09,pédiatre
587,2078,2023-02-05,urgences
588,2391,2023-05-18,urgences
589,1485,2025-09-22,généraliste
590,951,2023-04-13,pédiatre
591,303,2024-05-21,urgences
592,1067,2022-09-23,urgences
593,1887,2020-06-19,généraliste
594,1177,2025-10-20,pédiatre
595,1941,2024-11-06,urgences
596,1321,2023-02-24,pédiatre
597,674,2025-02-12,généraliste
598,309,2025-06-21,pneumologue
599,1901,2021-12-14,urgences
600,1891,2025-03-25,pédiatre
601,1282,2021-03-22,pédiatre
602,2365,2024-04-27,généraliste
603,2141,2025-07-16,pédiatre
604,989,2019-03-13,urgences
605,419,2024-12-07,urgences
606,1263,2021-02-28,généraliste
607,2364,2022-02-16,urgences
608,1839,2023-09-21,urgences
609,1062,2025-03-30,généraliste
610,1795,2020-09-02,généraliste
611,888,2019-10-23,urgences
612,1318,2024-01-13,généraliste
613,757,2023-01-02,généraliste
614,2384,2022-06-06,généraliste
615,2172,2025-11-30,généraliste
616,1734,2022-08-28,urgences
617,739,2025-05-13,généraliste
618,2158,2020-08-24,urgences
619,836,2024-02-24,urgences
620,153,2023-04-22,urgences
621,1241,2025-03-03,pédiatre
622,679,2022-11-29,urgences
623,1472,2020-03-30,généraliste
624,2239,2024-12-30,généraliste
625,488,2023-11-23,pédiatre
626,1961,2025-12-16,pneumologue
627,1826,2023-10-31,urgences
628,2207,2022-07-14,généraliste
629,2271,2019-10-22,généraliste
630,1709,2024-04-16,généraliste
631,1054,2023-02-08,urgences
632,2316,2025-10-17,pneumologue
633,907,2025-10-22,généraliste
634,987,2024-10-15,généraliste
635,2109,2022-04-19,généraliste
636,1561,2019-04-13,pédiatre
637,1476,2024-06-03,urgences
638,608,2025-12-15,généraliste
639,36,2022-01-11,urgences
640,1042,2021-05-13,pédiatre
641,1291,2024-10-20,urgences
642,1659,2021-09-17,généraliste
643,1742,2022-03-01,généraliste
644,860,2025-06-07,pédiatre
645,574,2024-03-16,généraliste
646,1791,2022-08-14,pédiatre
647,2500,2023-12-21,urgences
648,1952,2025-10-06,généraliste
649,366,2019-04-20,généraliste
650,1140,2024-06-12,généraliste
651,564,2020-10-10,urgences
652,230,2023-08-18,généraliste
653,1425,2020-06-26,urgences
654,178,2020-08-31,pédiatre
655,1354,2019-01-16,urgences
656,982,2024-10-06,pédiatre
657,12,2025-03-06,généraliste
658,1222,2019-08-08,pédiatre
659,1162,2025-06-14,pneumologue
660,2088,2022-08-01,urgences
661,2355,2024-04-24,généraliste
662,97,2024-01-17,pédiatre
663,2168,2022-12-12,pédiatre
664,598,2021-05-05,généraliste
665,427,2025-05-20,pneumologue
666,1851,2025-08-19,pédiatre
667,2302,2024-11-11,généraliste
668,739,2024-03-10,pédiatre
669,1216,2022-07-20,pneumologue
670,1765,2024-08-24,généraliste
671,352,2021-04-09,urgences
672,196,2022-11-11,généraliste
673,1209,2022-07-27,généraliste
674,1372,2022-01-12,urgences
675,1518,2019-05-26,généraliste
676,35,2025-08-01,généraliste
677,43,2025-10-19,urgences
678,79,2024-01-26,généraliste
679,1002,2020-04-27,pédiatre
680,945,2021-01-17,généraliste
681,2369,2022-08-08,généraliste
682,1440,2019-08-28,généraliste
683,597,2021-05-21,pédiatre
684,435,2022-08-25,généraliste
685,2137,2020-11-26,généraliste
686,2184,2020-03-29,urgences
687,388,2022-05-21,urgences
688,1084,2024-10-17,pédiatre
689,547,2025-11-06,pneumologue
690,1533,2024-06-21,urgences
691,2370,2023-03-31,urgences
692,2244,2023-06-25,généraliste
693,2288,2025-01-15,pédiatre
694,2220,2025-07-13,généraliste
695,1068,2025-05-17,urgences
696,738,2020-02-15,généraliste
697,1199,2022-04-21,urgences
698,1069,2022-11-08,généraliste
699,2298,2024-02-22,urgences
700,1639,2025-05-15,urgences
701,100,2023-11-02,pneumologue
702,2413,2023-03-28,urgences
703,508,2025-02-22,pédiatre
704,1903,2023-12-24,urgences
705,1356,2025-04-06,pédiatre
706,1589,2023-07-13,urgences
707,69,2025-09-25,généraliste
708,1001,2023-07-10,généraliste
709,579,2025-03-08,urgences
710,793,2024-05-06,urgences
711,1892,2023-07-01,urgences
712,452,2024-10-05,généraliste
713,2447,2024-03-16,pédiatre
714,2087,2025-06-07,généraliste
715,2340,2025-09-20,pneumologue
716,273,2025-12-13,pédiatre
717,427,2025-05-24,urgences
718,1784,2025-04-14,urgences
719,1594,2019-02-02,généraliste
720,310,2025-06-11,généraliste
721,2123,2024-02-19,pédiatre
722,2024,2019-08-22,pédiatre
723,2153,2024-06-03,urgences
724,2090,2025-06-19,urgences
725,1334,2025-11-27,pédiatre
726,924,2020-05-20,pneumologue
727,2223,2022-06-25,pédiatre
728,546,2019-07-02,généraliste
729,2068,2025-11-29,pédiatre
730,970,2025-07-15,pneumologue
731,1200,2020-01-08,généraliste
732,238,2024-03-02,pédiatre
733,2425,2024-12-09,urgences
734,395,2025-11-05,urgences
735,2236,2024-08-24,pédiatre
736,1251,2024-06-07,généraliste
737,1744,2024-12-23,pédiatre
738,553,2024-04-19,urgences
739,2235,2025-04-18,pédiatre
740,321,2025-04-27,pédiatre
741,1527,2025-06-19,généraliste
742,1995,2020-10-09,généraliste
743,601,2024-10-31,urgences
744,1299,2024-01-07,généraliste
745,407,2020-05-14,pédiatre
746,526,2023-07-20,généraliste
747,1917,2025-07-10,pneumologue
748,172,2019-04-08,généraliste
749,1037,2024-05-21,pédiatre
750,736,2019-03-06,pédiatre
751,778,2021-02-17,pédiatre
752,2507,2020-06-28,généraliste
753,1459,2022-10-06,pédiatre
754,608,2025-07-04,généraliste
755,1190,2025-10-29,pédiatre
756,742,2023-02-05,pédiatre
757,589,2023-08-20,urgences
758,744,2023-10-22,pédiatre
759,1730,2022-10-30,pédiatre
760,1991,2023-10-31,urgences
761,711,2023-03-14,pédiatre
762,2079,2019-05-27,généraliste
763,1745,2023-12-07,généraliste
764,765,2024-08-18,pneumologue
765,526,2024-02-01,pneumologue
766,1427,2024-02-24,pneumologue
767,576,2023-09-16,pédiatre
768,2311,2025-06-02,généraliste
769,814,2025-05-10,généraliste
770,2025,2021-06-18,pédiatre
771,1462,2025-10-26,pédiatre
772,319,2024-03-19,urgences
773,671,2019-04-14,pédiatre
774,1909,2025-07-26,pédiatre
775,282,2021-12-07,urgences
776,1821,2023-08-13,généraliste
777,1845,2025-08-29,pneumologue
778,1809,2020-08-02,urgences
779,311,2021-09-04,urgences
780,163,2023-04-22,pédiatre
781,1981,2024-10-16,pédiatre
782,784,2020-07-22,généraliste
783,668,2024-04-23,généraliste
784,1529,2019-03-25,généraliste
785,2233,2023-08-02,généraliste
786,2394,2019-03-30,urgences
787,384,2019-08-17,pédiatre
788,2259,2019-10-07,urgences
789,368,2021-01-04,généraliste
790,510,2023-01-09,urgences
791,1397,2022-11-25,urgences
792,1835,2019-04-12,généraliste
793,914,2024-04-24,pédiatre
794,236,2020-08-21,urgences
795,2071,2020-03-20,généraliste
796,276,2019-10-18,généraliste
797,1792,2023-08-07,pédiatre
798,1263,2021-03-04,généraliste
799,12,2025-08-13,pédiatre
800,19,2019-05-28,pédiatre
801,2206,2023-08-10,urgences
802,2146,2024-11-20,urgences
803,174,2020-01-27,urgences
804,1884,2024-11-02,pédiatre
805,827,2022-07-07,généraliste
806,771,2020-09-08,urgences
807,1281,2024-03-11,généraliste
808,1760,2020-11-29,généraliste
809,1761,2023-09-11,généraliste
810,1569,2024-04-02,généraliste
811,1247,2025-03-23,urgences
812,2373,2021-06-15,pédiatre
813,2110,2025-02-19,généraliste
814,1006,2023-03-16,urgences
815,1038,2020-07-18,pédiatre
816,298,2020-10-22,urgences
817,964,2021-12-03,généraliste
818,2437,2022-05-26,pédiatre
819,795,2022-08-11,urgences
820,2018,2025-04-08,urgences
821,1242,2025-01-22,pédiatre
822,1778,2023-12-08,urgences
823,539,2024-04-10,généraliste
824,2374,2025-10-15,généraliste
825,213,2025-06-05,pédiatre
826,1199,2024-07-01,urgences
827,1793,2023-05-04,généraliste
828,1949,2019-07-27,généraliste
829,871,2023-10-28,généraliste
830,650,2023-11-11,généraliste
831,132,2020-09-10,généraliste
832,1705,2019-11-17,généraliste
833,1031,2024-01-15,généraliste
834,477,2024-12-24,généraliste
835,1974,2025-08-17,urgences
836,160,2025-03-24,pneumologue
837,1961,2024-05-28,pédiatre
838,77,2020-02-26,généraliste
839,940,2024-02-08,généraliste
840,1300,2022-02-12,urgences
841,2316,2025-06-22,pneumologue
842,1548,2024-06-27,généraliste
843,1067,2025-01-02,pédiatre
844,558,2020-06-14,urgences
845,109,2021-04-29,urgences
846,1146,2024-05-08,pédiatre
847,2040,2025-08-30,pneumologue
848,324,2021-12-18,généraliste
849,375,2020-02-10,urgences
850,1666,2022-11-21,généraliste
851,567,2021-10-29,urgences
852,771,2020-12-08,pédiatre
853,663,2024-03-04,urgences
854,1399,2023-09-06,urgences
855,866,2023-06-17,urgences
856,29,2023-05-15,urgences
857,1515,2024-11-11,urgences
858,2013,2024-05-04,urgences
859,1039,2025-01-23,généraliste
860,1768,2025-08-29,pédiatre
861,105,2023-08-03,pneumologue
862,680,2024-12-12,pédiatre
863,2018,2019-08-14,urgences
864,2066,2024-09-10,pédiatre
865,22,2025-08-07,généraliste
866,113,2023-07-25,urgences
867,807,2024-07-12,pédiatre
868,132,2025-11-30,pédiatre
869,589,2024-01-05,urgences
870,918,2021-02-03,pédiatre
871,1806,2020-07-14,généraliste
872,370,2023-01-24,généraliste
873,899,2020-04-03,urgences
874,1083,2021-01-14,généraliste
875,333,2023-05-17,généraliste
876,1750,2020-07-14,pédiatre
877,2205,2024-07-22,urgences
878,535,2025-07-18,généraliste
879,1123,2023-05-07,pneumologue
880,2247,2020-02-09,généraliste
881,1692,2025-08-02,généraliste
882,1949,2025-06-10,généraliste
883,2294,2025-07-07,urgences
884,1415,2024-03-04,urgences
885,1118,2024-06-23,généraliste
886,666,2024-04-03,urgences
887,107,2023-07-04,pédiatre
888,1491,2024-06-12,pédiatre
889,1685,2022-06-23,pédiatre
890,352,2023-01-14,pneumologue
891,1936,2019-07-28,pédiatre
892,1792,2022-10-15,pédiatre
893,2015,2019-05-06,pédiatre
894,956,2025-02-15,urgences
895,2138,2024-11-07,pneumologue
896,1502,2024-11-01,urgences
897,1448,2023-02-18,pédiatre
898,1449,2024-12-29,généraliste
899,2364,2020-02-29,généraliste
900,1924,2022-10-18,urgences
901,553,2022-06-25,généraliste
902,1739,2022-07-04,pédiatre
903,1596,2023-02-20,généraliste
904,1119,2022-02-13,urgences
905,614,2025-02-19,généraliste
906,1418,2022-08-05,pneumologue
907,1789,2022-09-14,pédiatre
908,480,2020-06-28,pédiatre
909,1885,2024-03-29,généraliste
910,392,2024-08-11,généraliste
911,1698,2025-11-27,pédiatre
912,253,2021-09-18,pédiatre
913,67,2021-03-22,généraliste
914,2056,2025-09-13,urgences
915,352,2025-01-24,généraliste
916,2447,2025-02-16,urgences
917,1798,2024-11-11,pédiatre
918,1252,2021-04-24,généraliste
919,1549,2020-07-12,urgences
920,1445,2024-06-16,généraliste
921,1933,2022-02-05,généraliste
922,1949,2022-11-24,urgences
923,2185,2023-06-06,généraliste
924,1703,2025-12-03,urgences
925,961,2022-09-17,urgences
926,733,2021-06-08,pédiatre
927,2025,2024-07-21,généraliste
928,1544,2025-07-14,urgences
929,1495,2025-03-04,généraliste
930,671,2024-03-24,urgences
931,235,2025-09-27,urgences
932,451,2022-06-05,pneumologue
933,2109,2022-10-23,urgences
934,1606,2025-01-06,pédiatre
935,634,2025-07-03,pédiatre
936,391,2022-01-02,pédiatre
937,12,2025-05-21,urgences
938,704,2025-03-17,urgences
939,422,2023-01-21,généraliste
940,2319,2025-07-07,urgences
941,580,2020-11-09,généraliste
942,1752,2024-04-07,pédiatre
943,433,2024-04-22,généraliste
944,1775,2019-09-20,urgences
945,1974,2020-10-07,pédiatre
946,254,2025-06-18,pédiatre
947,2546,2021-09-28,généraliste
948,2138,2025-02-04,pneumologue
949,595,2021-06-18,généraliste
950,1015,2021-01-24,pédiatre
951,1587,2023-04-15,généraliste
952,1558,2024-04-16,généraliste
953,965,2024-10-07,pédiatre
954,610,2025-07-26,pédiatre
955,237,2019-07-10,généraliste
956,1399,2021-01-29,pneumologue
957,1480,2025-08-21,urgences
958,85,2021-01-08,généraliste
959,857,2024-08-04,urgences
960,156,2025-02-15,pneumologue
961,652,2025-09-27,pneumologue
962,1354,2020-05-24,généraliste
963,2162,2025-04-12,urgences
964,1006,2025-04-07,pédiatre
965,422,2022-04-11,urgences
966,1288,2024-12-25,généraliste
967,547,2021-09-29,généraliste
968,2085,2021-06-24,pédiatre
969,1777,2024-03-21,généraliste
970,1963,2023-04-29,pédiatre
971,867,2020-08-29,généraliste
972,1012,2025-01-26,pédiatre
973,1975,2022-02-08,urgences
974,2398,2023-11-06,urgences
975,840,2023-04-19,généraliste
976,575,2025-09-06,généraliste
977,2137,2019-07-30,généraliste
978,949,2025-05-20,généraliste
979,414,2023-11-04,pédiatre
980,2125,2025-09-25,pédiatre
981,50,2025-01-31,pédiatre
982,2352,2023-10-21,urgences
983,2320,2025-07-03,pédiatre
984,1679,2021-12-15,urgences
985,2295,2019-08-15,urgences
986,2402,2025-09-02,généraliste
987,272,2022-08-18,urgences
988,867,2021-01-23,généraliste
989,2400,2024-09-20,urgences
990,1604,2025-11-13,généraliste
991,2459,2019-05-12,urgences
992,588,2019-11-04,pédiatre
993,861,2020-07-04,généraliste
994,800,2024-02-11,pédiatre
995,681,2022-08-23,pédiatre
996,1542,2024-08-10,urgences
997,945,2025-02-14,pédiatre
998,1117,2020-05-21,généraliste
999,1146,2020-01-17,généraliste
1000,34,2021-03-23,généraliste
1001,258,2025-06-08,pédiatre
1002,759,2024-07-19,pneumologue
1003,645,2025-08-28,urgences
1004,1454,2024-09-19,pédiatre
1005,1767,2025-03-13,urgences
1006,2382,2022-04-13,pédiatre
1007,249,2019-03-04,urgences
1008,90,2025-07-14,généraliste
1009,1228,2022-01-02,généraliste
1010,450,2019-06-28,urgences
1011,787,2024-03-20,pédiatre
1012,2237,2020-06-06,urgences
1013,473,2024-08-28,généraliste
1014,2110,2019-04-16,généraliste
1015,819,2025-04-18,pédiatre
1016,282,2024-05-24,pneumologue
1017,1307,2024-06-07,généraliste
1018,69,2025-04-17,pneumologue
1019,2236,2025-09-25,pédiatre
1020,1542,2024-11-23,urgences
1021,309,2024-01-19,urgences
1022,1034,2025-06-20,pédiatre
1023,1624,2020-12-04,urgences
1024,612,2025-11-04,généraliste
1025,231,2022-11-12,pédiatre
1026,1189,2025-08-16,urgences
1027,1159,2021-04-12,généraliste
1028,578,2020-04-15,généraliste
1029,1114,2025-05-28,généraliste
1030,862,2019-06-15,généraliste
1031,876,2019-12-20,généraliste
1032,239,2023-08-11,généraliste
1033,926,2019-03-29,pédiatre
1034,2459,2025-04-24,généraliste
1035,1941,2024-10-28,généraliste
1036,1988,2020-11-29,urgences
1037,1047,2021-07-22,pédiatre
1038,1237,2025-08-05,pneumologue
1039,750,2023-09-24,pédiatre
1040,665,2023-01-31,pédiatre
1041,2192,2025-12-08,généraliste
1042,1970,2021-06-04,urgences
1043,1573,2024-03-02,pédiatre
1044,1413,2025-01-07,pédiatre
1045,2491,2023-10-14,urgences
1046,507,2019-03-30,urgences
1047,1638,2023-01-22,pédiatre
1048,617,2020-06-04,urgences
1049,1474,2025-11-01,pédiatre
1050,9,2025-01-18,urgences
1051,1197,2025-03-04,pneumologue
1052,281,2023-03-06,urgences
1053,619,2019-08-21,urgences
1054,1739,2019-06-27,pédiatre
1055,1589,2024-12-05,urgences
1056,713,2019-08-18,pédiatre
1057,447,2023-01-05,généraliste
1058,1182,2023-02-11,urgences
1059,924,2022-02-14,pneumologue
1060,526,2023-04-09,pédiatre
1061,1849,2025-10-24,urgences
1062,2177,2025-06-02,généraliste
1063,329,2020-10-25,généraliste
1064,913,2024-11-23,généraliste
1065,403,2023-02-28,généraliste
1066,1858,2025-06-19,pédiatre
1067,1535,2021-04-02,pédiatre
1068,1808,2024-11-25,urgences
1069,458,2024-07-24,généraliste
1070,288,2025-06-11,pédiatre
1071,328,2025-10-12,généraliste
1072,2387,2025-04-12,pneumologue
1073,941,2025-09-30,généraliste
1074,791,2020-12-08,généraliste
1075,1085,2025-11-04,généraliste
1076,1415,2024-07-29,généraliste
1077,1064,2025-03-14,généraliste
1078,1979,2025-03-03,généraliste
1079,1946,2023-04-28,urgences
1080,1394,2022-05-13,pédiatre
1081,1195,2020-11-25,pneumologue
1082,1162,2025-09-24,urgences
1083,2009,2021-11-28,urgences
1084,631,2025-11-26,pédiatre
1085,1573,2020-03-29,pédiatre
1086,1680,2022-12-09,urgences
1087,1438,2025-10-04,pédiatre
1088,2350,2024-07-31,pneumologue
1089,513,2025-01-15,pédiatre
1090,645,2024-02-01,pédiatre
1091,1510,2025-11-21,généraliste
1092,1206,2021-10-02,généraliste
1093,1034,2025-10-27,généraliste
1094,504,2025-04-21,pédiatre
1095,1414,2025-07-24,urgences
1096,702,2021-06-10,pédiatre
1097,1939,2023-12-08,pédiatre
1098,377,2024-11-29,généraliste
1099,1189,2024-09-08,pédiatre
1100,1268,2024-12-23,pédiatre
1101,2274,2019-08-16,pédiatre
1102,2473,2025-10-27,urgences
1103,1399,2024-04-24,urgences
1104,834,2021-02-10,urgences
1105,2132,2024-10-07,urgences
1106,2422,2025-04-02,urgences
1107,308,2024-04-09,généraliste
1108,719,2020-01-23,pédiatre
1109,2198,2022-01-27,pédiatre
1110,2136,2022-01-08,pneumologue
1111,1374,2024-11-30,urgences
1112,755,2025-04-12,généraliste
1113,183,2023-10-08,urgences
1114,1767,2025-08-13,pneumologue
1115,14,2025-12-26,urgences
1116,2368,2022-09-02,pédiatre
1117,2497,2021-04-17,urgences
1118,384,2020-10-02,urgences
1119,2189,2025-01-18,pédiatre
1120,1409,2019-07-13,pédiatre
1121,564,2020-09-25,généraliste
1122,735,2023-09-17,pédiatre
1123,1122,2019-07-16,généraliste
1124,929,2025-04-18,urgences
1125,1566,2023-08-13,pédiatre
1126,2220,2023-07-15,généraliste
1127,1118,2025-11-21,urgences
1128,1504,2022-12-09,généraliste
1129,765,2025-02-17,pneumologue
1130,570,2024-06-07,généraliste
1131,1703,2019-08-15,pédiatre
1132,2447,2025-06-13,pédiatre
1133,1376,2023-05-19,pédiatre
1134,1653,2020-05-26,généraliste
1135,1187,2024-11-22,pédiatre
1136,1899,2020-10-02,généraliste
1137,1548,2024-06-24,pédiatre
1138,2014,2020-10-20,généraliste
1139,1143,2023-01-24,pédiatre
1140,1084,2023-07-17,pneumologue
1141,478,2024-09-23,pneumologue
1142,1728,2025-04-04,pédiatre
1143,260,2023-08-23,généraliste
1144,282,2024-02-29,généraliste
1145,1924,2024-11-24,urgences
1146,1491,2023-06-19,généraliste
1147,211,2021-01-12,urgences
1148,5,2024-02-19,pneumologue
1149,61,2025-01-06,généraliste
1150,2193,2020-09-09,pédiatre
1151,2305,2025-03-09,généraliste
1152,727,2022-09-01,urgences
1153,612,2024-09-08,pédiatre
1154,639,2023-05-10,pédiatre
1155,334,2024-04-05,pédiatre
1156,827,2024-08-16,généraliste
1157,22,2025-10-13,pédiatre
1158,949,2024-07-05,urgences
1159,1840,2025-08-03,généraliste
1160,2108,2019-09-13,généraliste
1161,2369,2019-05-17,pédiatre
1162,1856,2019-02-01,urgences
1163,221,2022-04-05,urgences
1164,1629,2020-05-13,généraliste
1165,2421,2022-02-04,pédiatre
1166,628,2022-11-20,pédiatre
1167,81,2020-12-07,généraliste
1168,88,2025-09-29,pédiatre
1169,2475,2025-05-26,pneumologue
1170,556,2023-07-18,pédiatre
1171,1464,2024-11-01,pédiatre
1172,1789,2020-10-29,pédiatre
1173,276,2025-08-14,pédiatre
1174,1560,2024-10-16,pneumologue
1175,24,2019-12-14,pédiatre
1176,1859,2024-11-08,urgences
1177,1962,2025-01-07,pédiatre
1178,1658,2021-08-03,généraliste
1179,969,2021-01-14,urgences
1180,703,2025-07-04,urgences
1181,2319,2022-05-15,urgences
1182,564,2022-04-05,pédiatre
1183,929,2019-06-15,généraliste
1184,296,2025-03-01,urgences
1185,1600,2025-12-22,généraliste
1186,2199,2024-01-08,pédiatre
1187,387,2025-12-05,pédiatre
1188,1102,2020-03-04,généraliste
1189,1334,2025-06-08,généraliste
1190,648,2019-06-12,urgences
1191,757,2021-10-08,urgences
1192,652,2025-09-18,pneumologue
1193,543,2020-12-28,pédiatre
1194,1555,2020-06-16,pédiatre
1195,727,2024-07-08,pédiatre
1196,1720,2020-08-21,pédiatre
1197,2189,2025-05-21,pneumologue
1198,592,2022-02-12,pédiatre
1199,2308,2022-04-14,pédiatre
1200,2472,2024-11-23,urgences
1201,12,2025-12-20,urgences
1202,392,2019-09-18,pédiatre
1203,748,2025-07-28,pneumologue
1204,717,2021-10-28,pédiatre
1205,231,2024-06-16,pédiatre
1206,535,2025-10-19,généraliste
1207,1514,2025-06-09,pneumologue
1208,2229,2022-06-14,pneumologue
1209,1996,2025-11-09,urgences
1210,1613,2023-07-04,urgences
1211,1713,2023-07-06,pédiatre
1212,309,2024-08-25,pédiatre
1213,2250,2021-09-10,pédiatre
1214,629,2019-03-29,pédiatre
1215,797,2019-01-13,pédiatre
1216,1009,2025-05-22,urgences
1217,2298,2025-05-25,pédiatre
1218,932,2025-10-13,urgences
1219,1138,2019-02-12,pédiatre
1220,300,2022-08-30,urgences
1221,629,2021-08-20,urgences
1222,1374,2023-06-20,généraliste
1223,251,2019-04-23,pédiatre
1224,2489,2023-05-19,pneumologue
1225,1043,2025-06-29,urgences
1226,1315,2025-02-11,pédiatre
1227,58,2025-09-01,généraliste
1228,729,2021-01-14,urgences
1229,2121,2023-10-04,généraliste
1230,2398,2025-07-02,pédiatre
1231,2016,2022-09-19,urgences
1232,580,2024-06-21,pédiatre
1233,474,2023-08-12,urgences
1234,2244,2024-07-07,pédiatre
1235,250,2020-03-12,urgences
1236,1257,2021-11-05,pédiatre
1237,331,2024-07-14,urgences
1238,1718,2023-06-14,pédiatre
1239,809,2022-11-17,généraliste
1240,2133,2023-01-01,urgences
1241,1119,2023-11-08,pédiatre
1242,790,2022-12-16,pédiatre
1243,911,2024-10-14,pédiatre
1244,309,2023-10-06,pneumologue
1245,1509,2020-02-20,généraliste
1246,12,2025-11-05,urgences
1247,2185,2025-04-14,urgences
1248,2227,2019-08-30,généraliste
1249,395,2025-12-24,pédiatre
1250,2291,2025-10-02,généraliste
1251,122,2020-07-08,urgences
1252,2291,2025-01-24,généraliste
1253,568,2024-01-08,pédiatre
1254,389,2025-10-18,urgences
1255,2281,2025-09-13,pneumologue
1256,1323,2023-07-16,généraliste
1257,2441,2024-09-18,pédiatre
1258,353,2025-12-02,urgences
1259,159,2021-05-17,pédiatre
1260,225,2021-06-19,généraliste
1261,570,2023-07-18,urgences
1262,166,2023-12-19,généraliste
1263,860,2024-04-23,urgences
1264,940,2024-10-12,pédiatre
1265,1375,2022-07-05,urgences
1266,823,2022-10-13,généraliste
1267,2223,2025-04-30,pédiatre
1268,1486,2023-04-12,urgences
1269,1542,2023-09-08,pneumologue
1270,1938,2023-11-11,généraliste
1271,105,2025-01-21,urgences
1272,1375,2022-02-18,urgences
1273,389,2025-03-10,pneumologue
1274,1203,2022-02-15,urgences
1275,2199,2024-11-28,pédiatre
1276,1710,2021-09-30,urgences
1277,453,2020-02-19,pédiatre
1278,2114,2019-11-25,généraliste
1279,1523,2024-08-14,urgences
1280,2227,2021-04-03,généraliste
1281,1167,2023-09-17,généraliste
1282,2231,2019-08-16,urgences
1283,856,2021-03-03,pédiatre
1284,1254,2024-05-20,généraliste
1285,1952,2024-12-05,pédiatre
1286,2442,2025-02-10,généraliste
1287,2273,2024-04-06,généraliste
1288,2481,2024-05-19,pédiatre
1289,1768,2024-09-19,urgences
1290,949,2025-09-16,urgences
1291,768,2023-01-07,généraliste
1292,945,2024-07-05,urgences
1293,1147,2025-03-17,urgences
1294,1627,2025-11-30,urgences
1295,1364,2022-10-21,pneumologue
1296,1152,2025-11-10,pédiatre
1297,334,2024-03-30,pédiatre
1298,2375,2025-12-02,urgences
1299,2124,2023-06-16,urgences
1300,1077,2025-12-05,généraliste
1301,1900,2024-12-26,pédiatre
1302,1407,2021-02-23,pédiatre
1303,2266,2021-06-08,pédiatre
1304,2071,2019-03-23,généraliste
1305,326,2022-08-17,urgences
1306,1654,2025-12-04,pédiatre
1307,947,2019-04-04,pédiatre
1308,1977,2022-01-17,urgences
1309,987,2025-02-07,généraliste
1310,1630,2019-04-17,généraliste
1311,2488,2025-07-24,pédiatre
1312,546,2025-02-08,pédiatre
1313,761,2023-03-09,généraliste
1314,2340,2025-02-24,généraliste
1315,1469,2021-02-15,pédiatre
1316,872,2021-03-31,généraliste
1317,2060,2025-12-23,urgences
1318,608,2025-03-27,urgences
1319,1298,2021-02-24,urgences
1320,1075,2021-03-15,urgences
1321,415,2020-03-11,pédiatre
1322,1479,2021-09-25,urgences
1323,1909,2025-02-15,pédiatre
1324,1962,2025-05-16,généraliste
1325,1288,2023-10-17,généraliste
1326,740,2020-06-23,pédiatre
1327,830,2019-04-24,généraliste
1328,2070,2022-02-02,généraliste
1329,943,2024-12-19,urgences
1330,1289,2022-02-03,généraliste
1331,1029,2020-10-05,urgences
1332,271,2021-03-01,généraliste
1333,1098,2024-05-17,généraliste
1334,2246,2020-02-16,pédiatre
1335,2483,2021-04-10,généraliste
1336,1567,2021-08-11,urgences
1337,1849,2022-09-03,pédiatre
1338,936,2021-07-23,urgences
1339,100,2023-06-25,pneumologue
1340,2277,2024-08-25,généraliste
1341,2060,2022-02-04,généraliste
1342,761,2025-10-18,généraliste
1343,2120,2024-07-14,urgences
1344,33,2025-10-23,urgences
1345,1918,2023-02-12,généraliste
1346,313,2023-07-24,généraliste
1347,352,2024-07-24,pédiatre
1348,2186,2025-04-29,urgences
1349,1034,2025-09-06,pédiatre
1350,1072,2020-10-13,urgences
1351,2340,2025-12-16,urgences
1352,1375,2022-08-29,généraliste
1353,2003,2023-01-10,pneumologue
1354,465,2022-02-12,urgences
1355,735,2024-05-11,pédiatre
1356,247,2020-10-24,généraliste
1357,1268,2021-07-25,généraliste
1358,205,2025-03-11,généraliste
1359,2455,2022-11-27,urgences
1360,2290,2024-11-28,pédiatre
1361,352,2024-10-09,généraliste
1362,2442,2025-12-23,urgences
1363,1728,2025-06-02,urgences
1364,377,2023-12-26,urgences
1365,390,2021-02-25,généraliste
1366,2430,2020-08-18,pédiatre
1367,358,2019-06-18,pédiatre
1368,1526,2019-03-31,généraliste
1369,1216,2021-09-04,pneumologue
1370,2443,2020-11-15,généraliste
1371,2155,2024-10-23,pneumologue
1372,2204,2025-01-16,généraliste
1373,2427,2023-01-17,généraliste
1374,281,2023-12-14,pneumologue
1375,1168,2025-05-28,pédiatre
1376,16,2025-04-24,pédiatre
1377,299,2019-10-05,pédiatre
1378,1655,2023-07-22,urgences
1379,657,2024-11-26,généraliste
1380,486,2024-09-08,pédiatre
1381,330,2021-06-13,urgences
1382,1445,2021-10-30,généraliste
1383,1872,2019-07-08,généraliste
1384,849,2020-09-30,généraliste
1385,149,2024-09-17,urgences
1386,410,2025-01-22,pédiatre
1387,1699,2024-05-22,pédiatre
1388,2015,2019-12-13,urgences
1389,419,2025-03-24,généraliste
1390,1735,2024-05-18,généraliste
1391,904,2023-07-21,pédiatre
1392,645,2020-09-15,généraliste
1393,1698,2024-09-12,généraliste
1394,737,2021-07-23,pneumologue
1395,356,2020-08-29,pédiatre
1396,56,2022-12-10,pédiatre
1397,404,2023-06-27,urgences
1398,781,2023-02-04,pédiatre
1399,2139,2024-11-29,urgences
1400,1826,2024-04-08,pneumologue
1401,2054,2025-04-05,urgences
1402,670,2021-05-26,généraliste
1403,1219,2023-09-10,urgences
1404,2244,2025-07-26,pédiatre
1405,615,2021-10-31,pédiatre
1406,899,2023-11-22,généraliste
1407,28,2025-06-23,généraliste
1408,677,2022-12-07,généraliste
1409,1036,2025-07-19,urgences
1410,1027,2024-05-02,pneumologue
1411,1610,2024-10-23,urgences
1412,2136,2025-05-15,pneumologue
1413,2341,2020-04-17,pédiatre
1414,531,2025-07-23,généraliste
1415,885,2019-06-24,pédiatre
1416,2316,2025-05-31,pédiatre
1417,1853,2023-12-08,pneumologue
1418,837,2022-02-08,urgences
1419,222,2025-06-17,urgences
1420,2396,2025-07-01,pneumologue
1421,522,2025-06-14,généraliste
1422,1694,2019-02-09,pédiatre
1423,691,2025-02-01,pédiatre
1424,2148,2021-04-24,pédiatre
1425,548,2022-03-21,pédiatre
1426,958,2025-09-05,généraliste
1427,1368,2025-11-11,généraliste
1428,1905,2024-08-13,pédiatre
1429,1645,2024-11-18,pédiatre
1430,2228,2024-04-03,généraliste
1431,543,2022-06-24,généraliste
1432,2144,2019-12-03,généraliste
1433,86,2023-06-10,urgences
1434,521,2023-12-03,pédiatre
1435,1037,2023-07-08,généraliste
1436,1665,2023-07-30,urgences
1437,1520,2024-03-30,généraliste
1438,26,2025-03-29,généraliste
1439,2463,2021-09-07,urgences
1440,998,2025-11-24,urgences
1441,774,2023-09-08,pédiatre
1442,1543,2022-09-05,pédiatre
1443,1581,2024-04-01,généraliste
1444,2452,2025-03-02,urgences
1445,1405,2025-10-02,généraliste
1446,1585,2024-12-28,pédiatre
1447,1275,2020-12-05,urgences
1448,1042,2025-10-25,généraliste
1449,1152,2024-01-10,généraliste
1450,1713,2025-07-16,pédiatre
1451,1269,2024-03-01,urgences
1452,720,2021-05-11,urgences
1453,1304,2025-10-14,pneumologue
1454,1087,2021-12-29,urgences
1455,1623,2023-09-24,urgences
1456,1977,2019-07-25,urgences
1457,1508,2023-08-30,pédiatre
1458,1703,2021-01-07,pédiatre
1459,573,2023-01-11,pédiatre
1460,928,2020-09-22,urgences
1461,1321,2019-01-18,généraliste
1462,1395,2024-06-17,pédiatre
1463,1626,2021-08-02,urgences
1464,145,2023-03-13,pédiatre
1465,2160,2022-03-31,généraliste
1466,517,2024-08-14,urgences
1467,628,2025-12-22,pédiatre
1468,2090,2025-07-14,pédiatre
1469,2235,2025-09-10,généraliste
1470,198,2025-08-29,urgences
1471,2115,2022-10-17,généraliste
1472,1544,2025-12-01,pneumologue
1473,1581,2025-08-30,urgences
1474,2344,2019-08-08,urgences
1475,568,2024-11-20,pneumologue
1476,1066,2019-10-04,pédiatre
1477,940,2025-05-14,urgences
1478,203,2020-02-25,pédiatre
1479,1571,2021-12-31,pédiatre
1480,432,2023-10-01,pédiatre
1481,1395,2023-01-01,urgences
1482,1292,2021-08-25,pédiatre
1483,1733,2025-08-25,pédiatre
1484,2207,2025-03-31,généraliste
1485,462,2024-06-25,généraliste
1486,796,2022-08-10,généraliste
1487,161,2022-11-08,généraliste
1488,815,2023-11-19,urgences
1489,392,2020-04-03,urgences
1490,1350,2019-01-29,pédiatre
1491,1074,2024-09-28,pédiatre
1492,1385,2025-01-24,pédiatre
1493,618,2024-07-02,urgences
1494,2405,2019-07-01,généraliste
1495,1805,2023-12-06,généraliste
1496,561,2025-05-18,généraliste
1497,1191,2023-09-13,généraliste
1498,195,2024-03-16,urgences
1499,1488,2025-11-12,pneumologue
1500,911,2024-12-11,généraliste
1501,1216,2023-01-16,urgences
1502,486,2024-05-10,urgences
1503,1003,2020-12-26,pédiatre
1504,2000,2024-09-25,urgences
1505,249,2021-03-31,urgences
1506,882,2024-08-02,pédiatre
1507,2406,2025-05-16,pédiatre
1508,2123,2024-09-10,pneumologue
1509,1371,2024-05-02,urgences
1510,2414,2025-05-18,pédiatre
1511,132,2019-09-05,urgences
1512,90,2024-07-15,pneumologue
1513,1578,2023-11-06,généraliste
1514,1108,2025-08-27,urgences
1515,1076,2022-04-25,généraliste
1516,1830,2019-05-24,urgences
1517,2390,2023-02-25,pédiatre
1518,2083,2025-07-18,urgences
1519,1518,2020-06-29,pneumologue
1520,283,2025-11-04,généraliste
1521,498,2020-02-16,urgences
1522,1836,2021-12-28,généraliste
1523,79,2022-06-25,pédiatre
1524,513,2025-10-14,généraliste
1525,61,2021-12-09,urgences
1526,1251,2023-06-03,généraliste
1527,1921,2025-11-22,généraliste
1528,2446,2024-06-12,urgences
1529,2265,2025-12-11,pédiatre
1530,225,2022-07-25,urgences
1531,1558,2024-10-18,pédiatre
1532,488,2022-11-28,urgences
1533,1597,2022-07-26,urgences
1534,863,2025-07-09,pneumologue
1535,321,2025-09-13,urgences
1536,960,2024-09-06,urgences
1537,2001,2024-05-04,pédiatre
1538,448,2024-08-30,pédiatre
1539,28,2025-03-10,pédiatre
1540,2202,2024-02-08,urgences
1541,1911,2024-08-29,urgences
1542,1499,2025-07-28,pédiatre
1543,1845,2025-07-16,urgences
1544,2392,2022-12-24,urgences
1545,2179,2025-08-12,généraliste
1546,1064,2023-04-17,urgences
1547,994,2021-07-05,urgences
1548,419,2025-01-01,généraliste
1549,54,2024-11-16,généraliste
1550,356,2020-04-03,urgences
1551,972,2025-05-27,généraliste
1552,2052,2025-07-30,pédiatre
1553,1028,2021-10-31,généraliste
1554,1724,2025-11-16,urgences
1555,2106,2023-07-05,généraliste
1556,510,2024-05-10,urgences
1557,1779,2019-10-10,généraliste
1558,1108,2025-06-06,généraliste
1559,1109,2023-05-14,urgences
1560,1915,2023-04-15,généraliste
1561,748,2025-06-12,pneumologue
1562,1613,2021-10-20,pédiatre
1563,421,2024-12-27,généraliste
1564,2491,2023-05-12,généraliste
1565,1759,2025-12-01,urgences
1566,464,2024-01-29,urgences
1567,1002,2023-05-26,urgences
1568,2132,2025-06-13,pneumologue
1569,907,2023-03-14,généraliste
1570,1592,2025-10-03,pneumologue
1571,1362,2024-10-16,urgences
1572,2252,2025-01-02,pédiatre
1573,472,2020-04-16,pédiatre
1574,2411,2020-08-08,pédiatre
1575,561,2024-01-10,généraliste
1576,56,2023-02-09,généraliste
1577,127,2025-02-03,pneumologue
1578,2169,2023-11-18,pédiatre
1579,2026,2025-07-07,pédiatre
1580,1929,2024-09-04,pédiatre
1581,2026,2025-10-02,généraliste
1582,2002,2019-11-28,urgences
1583,241,2024-09-23,pédiatre
1584,255,2024-01-22,urgences
1585,85,2023-01-22,généraliste
1586,421,2025-09-19,pneumologue
1587,14,2025-08-15,pédiatre
1588,171,2023-03-28,généraliste
1589,1495,2020-12-29,urgences
1590,1454,2024-12-29,urgences
1591,31,2019-04-22,généraliste
1592,28,2025-04-30,pédiatre
1593,2441,2025-06-19,urgences
1594,1907,2023-05-06,pédiatre
1595,1817,2025-07-26,généraliste
1596,1311,2025-05-23,pédiatre
1597,800,2021-03-21,urgences
1598,2272,2023-12-12,urgences
1599,2137,2020-12-18,urgences
1600,198,2019-09-19,pédiatre
1601,312,2025-12-21,urgences
1602,279,2024-01-07,pédiatre
1603,949,2023-12-16,pneumologue
1604,2082,2025-02-03,pédiatre
1605,2063,2019-10-02,pédiatre
1606,1269,2025-11-09,généraliste
1607,2210,2020-11-25,pédiatre
1608,2239,2025-08-08,urgences
1609,922,2025-04-23,urgences
1610,294,2023-09-03,urgences
1611,1521,2021-09-15,pédiatre
1612,198,2022-03-03,pédiatre
1613,1580,2025-09-21,généraliste
1614,351,2020-02-06,pédiatre
1615,1736,2022-10-19,urgences
1616,309,2023-10-02,urgences
1617,1195,2025-11-18,généraliste
1618,708,2024-05-30,généraliste
1619,1633,2023-05-26,pédiatre
1620,1975,2021-09-27,urgences
1621,199,2024-10-10,pédiatre
1622,667,2025-04-17,urgences
1623,1806,2023-06-14,pédiatre
1624,2475,2024-05-14,pneumologue
1625,1608,2025-12-20,pédiatre
1626,979,2025-04-12,pédiatre
1627,2225,2025-04-13,urgences
1628,1176,2024-02-14,généraliste
1629,2083,2025-06-21,pneumologue
1630,2014,2025-11-22,pédiatre
1631,2088,2024-09-10,généraliste
1632,2352,2022-08-08,pédiatre
1633,561,2024-03-24,pédiatre
1634,2308,2022-05-31,pédiatre
1635,917,2024-03-07,généraliste
1636,2185,2023-09-18,pédiatre
1637,45,2024-04-08,pédiatre
1638,325,2023-04-14,urgences
1639,959,2024-08-30,généraliste
1640,474,2022-04-10,urgences
1641,293,2024-10-09,urgences
1642,729,2022-09-15,généraliste
1643,271,2020-07-05,pédiatre
1644,2151,2024-08-18,urgences
1645,100,2024-04-11,pédiatre
1646,1812,2019-10-08,généraliste
1647,77,2022-12-09,urgences
1648,66,2025-12-01,pédiatre
1649,742,2019-04-15,urgences
1650,820,2025-09-13,pédiatre
1651,1228,2024-07-16,pédiatre
1652,2361,2025-10-04,pédiatre
1653,614,2025-07-06,pédiatre
1654,2144,2020-07-08,généraliste
1655,262,2025-09-03,urgences
1656,1507,2019-11-28,urgences
1657,1731,2021-03-23,urgences
1658,854,2022-01-14,généraliste
1659,835,2020-04-25,urgences
1660,726,2022-01-27,pédiatre
1661,1043,2025-01-22,pédiatre
1662,860,2021-10-27,urgences
1663,1518,2023-06-04,pédiatre
1664,482,2025-02-17,généraliste
1665,1330,2021-02-16,urgences
1666,1968,2025-09-07,généraliste
1667,1983,2025-01-19,pneumologue
1668,1427,2025-07-25,urgences
1669,940,2023-10-29,pneumologue
1670,1273,2025-07-01,pneumologue
1671,126,2022-11-11,urgences
1672,630,2024-08-11,pédiatre
1673,2496,2025-08-29,pneumologue
1674,2120,2024-02-14,généraliste
1675,973,2022-08-31,généraliste
1676,252,2021-10-13,pédiatre
1677,1346,2025-08-03,pédiatre
1678,1742,2024-10-07,urgences
1679,1094,2021-07-18,urgences
1680,46,2020-09-02,pédiatre
1681,1207,2025-01-28,urgences
1682,332,2024-05-23,urgences
1683,2299,2024-09-05,pédiatre
1684,19,2020-08-29,pédiatre
1685,1829,2019-09-06,urgences
1686,1168,2022-05-14,urgences
1687,1811,2025-09-17,urgences
1688,1193,2024-10-26,urgences
1689,715,2025-01-08,généraliste
1690,1487,2025-09-03,urgences
1691,168,2022-10-04,pédiatre
1692,2429,2022-07-12,généraliste
1693,861,2025-08-21,urgences
1694,2413,2021-07-09,urgences
1695,2304,2020-02-16,généraliste
1696,1542,2024-06-07,généraliste
1697,479,2022-02-14,urgences
1698,689,2025-09-25,pédiatre
1699,1430,2025-06-19,urgences
1700,2370,2023-05-20,généraliste
1701,615,2023-11-28,urgences
1702,500,2023-08-06,généraliste
1703,2388,2023-08-30,pédiatre
1704,2377,2024-11-23,urgences
1705,2102,2023-11-18,pédiatre
1706,856,2024-05-08,généraliste
1707,1782,2025-01-22,urgences
1708,670,2019-11-17,urgences
1709,2174,2024-12-13,urgences
1710,2471,2025-09-07,pédiatre
1711,111,2019-06-22,pédiatre
1712,1187,2025-07-10,pédiatre
1713,1853,2025-10-22,généraliste
1714,108,2020-08-28,urgences
1715,1290,2025-01-22,urgences
1716,675,2019-09-13,pédiatre
1717,1962,2025-08-08,pneumologue
1718,1658,2023-02-08,pédiatre
1719,1172,2025-11-08,urgences
1720,2448,2023-10-31,généraliste
1721,1309,2025-05-23,pédiatre
1722,109,2020-07-19,urgences
1723,2291,2024-10-15,pédiatre
1724,1757,2019-10-19,urgences
1725,819,2024-10-26,pédiatre
1726,1734,2022-12-15,urgences
1727,438,2021-01-13,généraliste
1728,687,2025-02-24,pneumologue
1729,552,2021-07-04,urgences
1730,1023,2022-04-17,urgences
1731,2147,2025-07-16,pédiatre
1732,395,2024-05-03,généraliste
1733,965,2025-01-29,pneumologue
1734,272,2024-04-02,pédiatre
1735,1967,2024-07-03,pédiatre
1736,2262,2024-04-18,urgences
1737,105,2025-07-27,pneumologue
1738,1102,2023-06-14,urgences
1739,960,2023-12-05,généraliste
1740,2270,2021-04-27,pédiatre
1741,1993,2020-02-24,pédiatre
1742,1929,2025-07-20,pédiatre
1743,2046,2025-05-16,pédiatre
1744,1148,2020-10-04,généraliste
1745,1050,2022-04-23,urgences
1746,794,2025-05-04,pédiatre
1747,2103,2019-01-24,urgences
1748,1740,2024-10-12,généraliste
1749,1730,2022-07-24,pédiatre
1750,1998,2022-03-07,pédiatre
1751,1845,2025-06-02,généraliste
1752,2250,2024-02-21,pédiatre
1753,1044,2022-06-27,urgences
1754,432,2023-06-06,pédiatre
1755,193,2021-07-22,généraliste
1756,2033,2022-10-08,généraliste
1757,500,2024-06-11,généraliste
1758,1181,2025-02-25,généraliste
1759,820,2019-10-20,généraliste
1760,2063,2024-09-03,pédiatre
1761,202,2024-10-27,pneumologue
1762,712,2024-08-05,pédiatre
1763,434,2025-04-25,pneumologue
1764,1791,2022-12-07,pédiatre
1765,734,2025-10-29,généraliste
1766,633,2022-07-10,généraliste
1767,2451,2022-06-19,pédiatre
1768,576,2021-01-06,pédiatre
1769,884,2025-03-12,urgences
1770,2407,2023-08-08,pédiatre
1771,231,2023-06-30,généraliste
1772,1777,2024-10-24,généraliste
1773,1494,2022-08-14,pédiatre
1774,2057,2019-07-25,généraliste
1775,297,2021-06-24,généraliste
1776,2340,2025-03-21,pédiatre
1777,715,2022-07-30,urgences
1778,201,2025-07-03,généraliste
1779,2090,2025-12-12,urgences
1780,1216,2024-04-11,pneumologue
1781,109,2019-09-13,urgences
1782,1143,2024-09-06,pneumologue
1783,189,2021-11-22,pédiatre
1784,1696,2025-11-01,généraliste
1785,990,2025-12-14,généraliste
1786,2120,2023-08-16,urgences
1787,2350,2024-06-26,pneumologue
1788,1488,2021-08-21,pédiatre
1789,2170,2019-05-20,urgences
1790,1030,2021-07-31,généraliste
1791,249,2025-03-01,pédiatre
1792,1811,2024-06-21,urgences
1793,302,2022-10-16,urgences
1794,1944,2025-06-22,pédiatre
1795,2158,2023-10-14,pédiatre
1796,954,2025-12-12,pédiatre
1797,940,2023-09-09,urgences
1798,524,2025-10-31,généraliste
1799,1832,2025-06-23,pédiatre
1800,1064,2025-01-26,généraliste
1801,1964,2024-09-08,pédiatre
1802,1678,2021-06-28,généraliste
1803,509,2020-11-01,urgences
1804,691,2023-02-21,pédiatre
1805,1056,2022-11-26,pédiatre
1806,1202,2025-12-27,urgences
1807,596,2023-01-18,pédiatre
1808,2112,2019-11-15,urgences
1809,123,2023-12-06,généraliste
1810,1576,2020-07-14,généraliste
1811,2227,2022-04-17,généraliste
1812,783,2025-01-07,généraliste
1813,645,2022-08-05,pédiatre
1814,2316,2025-10-21,urgences
1815,243,2025-06-17,généraliste
1816,1962,2024-06-10,généraliste
1817,86,2025-01-01,pédiatre
1818,1580,2025-12-30,pédiatre
1819,483,2024-05-17,urgences
1820,1768,2025-07-23,pneumologue
1821,131,2020-11-24,généraliste
1822,2097,2019-12-23,urgences
1823,78,2025-09-04,urgences
1824,2305,2025-09-15,pneumologue
1825,2089,2023-08-10,urgences
1826,108,2019-07-30,urgences
1827,524,2024-12-03,urgences
1828,988,2019-06-23,pédiatre
1829,1912,2024-08-17,urgences
1830,2208,2023-11-19,pneumologue
1831,1810,2020-11-07,généraliste
1832,1568,2019-10-02,pédiatre
1833,1520,2025-09-16,pédiatre
1834,118,2020-01-26,généraliste
1835,2182,2023-11-28,pédiatre
1836,1413,2024-05-01,urgences
1837,686,2023-06-26,pédiatre
1838,2031,2023-07-03,urgences
1839,1560,2022-07-22,pneumologue
1840,1735,2024-06-12,pédiatre
1841,63,2025-01-21,pédiatre
1842,1430,2025-08-01,urgences
1843,2091,2023-11-29,urgences
1844,90,2024-04-23,généraliste
1845,1278,2021-04-02,urgences
1846,2242,2024-09-17,urgences
1847,1539,2022-10-15,urgences
1848,67,2023-09-21,pédiatre
1849,415,2024-12-28,généraliste
1850,242,2025-09-22,généraliste
1851,694,2024-09-30,urgences
1852,2144,2023-02-04,urgences
1853,2124,2021-11-28,généraliste
1854,1843,2023-11-15,urgences
1855,1128,2021-08-07,pédiatre
1856,1044,2019-12-05,généraliste
1857,263,2022-06-22,généraliste
1858,123,2025-03-29,urgences
1859,2124,2023-12-18,généraliste
1860,1569,2024-06-02,pneumologue
1861,645,2023-02-24,urgences
1862,149,2025-04-26,urgences
1863,1849,2025-08-02,urgences
1864,274,2023-04-06,pédiatre
1865,801,2022-07-15,urgences
1866,2138,2025-10-02,urgences
1867,1607,2024-04-18,généraliste
1868,2499,2025-11-16,pédiatre
1869,606,2024-01-08,généraliste
1870,703,2020-02-07,pédiatre
1871,745,2025-03-26,urgences
1872,1449,2022-03-12,pédiatre
1873,1129,2022-08-08,pédiatre
1874,44,2022-06-04,urgences
1875,1019,2023-02-09,pédiatre
1876,1637,2023-12-23,pédiatre
1877,2275,2024-05-31,urgences
1878,1530,2025-09-10,urgences
1879,744,2024-08-20,pédiatre
1880,2073,2019-10-26,pédiatre
1881,1957,2023-02-26,pédiatre
1882,1297,2022-10-09,généraliste
1883,1884,2023-10-10,généraliste
1884,1244,2020-10-20,généraliste
1885,585,2025-06-16,généraliste
1886,673,2024-05-14,pédiatre
1887,1951,2024-06-29,urgences
1888,13,2024-11-20,généraliste
1889,1627,2024-10-12,généraliste
1890,1011,2022-11-18,pédiatre
1891,2189,2024-11-28,généraliste
1892,2404,2025-05-12,généraliste
1893,2479,2023-12-18,urgences
1894,1610,2022-08-01,urgences
1895,2055,2021-06-06,pédiatre
1896,2192,2024-09-07,urgences
1897,1913,2019-05-10,généraliste
1898,647,2022-10-01,pédiatre
1899,281,2023-05-06,pneumologue
1900,824,2020-08-02,pédiatre
1901,973,2024-07-01,urgences
1902,1886,2023-02-01,urgences
1903,1362,2024-07-08,généraliste
1904,95,2024-12-17,pédiatre
1905,1197,2024-03-17,pédiatre
1906,2479,2025-08-30,pédiatre
1907,1534,2019-07-13,généraliste
1908,2040,2025-12-26,pédiatre
1909,2427,2019-08-18,généraliste
1910,1043,2025-01-21,pneumologue
1911,178,2025-04-12,pédiatre
1912,263,2024-08-09,pédiatre
1913,201,2025-10-17,généraliste
1914,2012,2024-06-26,urgences
1915,387,2023-09-15,pneumologue
1916,2493,2021-12-17,urgences
1917,176,2025-11-27,pédiatre
1918,147,2020-04-16,généraliste
1919,1849,2023-03-29,pédiatre
1920,586,2023-05-04,pédiatre
1921,496,2024-02-15,urgences
1922,1746,2022-05-15,pédiatre
1923,895,2023-10-07,pédiatre
1924,588,2023-02-19,urgences
1925,2455,2022-06-30,généraliste
1926,608,2025-08-25,pneumologue
1927,2039,2020-05-24,urgences
1928,2329,2019-03-15,généraliste
1929,1945,2022-08-31,pédiatre
1930,309,2024-08-15,pédiatre
1931,1790,2023-08-17,généraliste
1932,229,2023-11-18,urgences
1933,200,2021-06-29,urgences
1934,761,2020-01-21,urgences
1935,2349,2020-06-03,généraliste
1936,629,2019-05-19,pédiatre
1937,380,2024-05-02,urgences
1938,68,2024-04-26,généraliste
1939,1897,2025-01-20,généraliste
1940,1368,2025-09-16,pédiatre
1941,1711,2021-07-03,généraliste
1942,1758,2023-09-11,urgences
1943,2311,2025-07-13,urgences
1944,2100,2023-09-20,urgences
1945,1056,2023-12-28,généraliste
1946,431,2024-07-28,pédiatre
1947,958,2025-10-25,généraliste
1948,2121,2020-10-09,généraliste
1949,2455,2021-11-01,urgences
1950,2417,2020-05-22,généraliste
1951,2467,2019-01-14,pédiatre
1952,170,2022-08-11,généraliste
1953,1713,2021-09-11,pédiatre
1954,1495,2024-04-26,pédiatre
1955,241,2025-09-09,urgences
1956,924,2023-04-16,pneumologue
1957,1853,2025-10-10,pneumologue
1958,760,2024-02-28,pédiatre
1959,862,2020-02-14,généraliste
1960,1414,2024-10-23,pneumologue
1961,523,2024-08-20,urgences
1962,1247,2023-07-08,généraliste
1963,1154,2021-12-19,urgences
1964,1777,2025-11-17,pédiatre
1965,145,2025-08-07,urgences
1966,1261,2021-07-11,généraliste
1967,590,2024-07-18,généraliste
1968,783,2025-06-24,pédiatre
1969,964,2021-10-24,généraliste
1970,2336,2021-10-24,urgences
1971,1201,2019-02-09,urgences
1972,1147,2022-10-31,urgences
1973,1281,2024-11-23,urgences
1974,791,2025-08-25,généraliste
1975,2290,2025-02-27,pédiatre
1976,1156,2025-07-09,urgences
1977,2026,2025-11-18,pneumologue
1978,2040,2025-05-13,urgences
1979,1077,2025-12-25,pédiatre
1980,965,2024-04-08,pneumologue
1981,571,2025-06-22,pédiatre
1982,2129,2024-10-08,urgences
1983,1494,2023-03-06,urgences
1984,1719,2022-11-12,urgences
1985,905,2024-12-25,généraliste
1986,526,2023-04-11,généraliste
1987,1953,2025-10-17,généraliste
1988,2124,2025-01-31,pédiatre
1989,2214,2024-12-05,urgences
1990,1144,2025-01-09,généraliste
1991,1775,2025-10-05,généraliste
1992,158,2020-01-17,pédiatre
1993,1365,2022-02-11,pédiatre
1994,2286,2021-08-12,urgences
1995,931,2021-01-14,généraliste
1996,482,2025-03-19,pédiatre
1997,1853,2025-01-04,généraliste
1998,568,2024-12-22,urgences
1999,834,2023-08-13,pédiatre
2000,1442,2019-11-24,pédiatre
2001,510,2021-05-06,généraliste
2002,1756,2021-11-14,urgences
2003,389,2025-12-03,généraliste
2004,1941,2024-07-06,pédiatre
2005,2094,2023-10-16,généraliste
2006,2411,2019-06-26,pédiatre
2007,311,2025-08-15,pédiatre
2008,1752,2025-01-15,urgences
2009,1298,2025-07-09,généraliste
2010,1257,2023-03-24,urgences
2011,1544,2025-11-02,pédiatre
2012,2350,2023-04-02,généraliste
2013,371,2022-04-12,pneumologue
2014,1505,2025-04-30,généraliste
2015,617,2023-10-18,urgences
2016,2404,2024-03-03,pédiatre
2017,1431,2025-03-10,pédiatre
2018,652,2025-11-07,urgences
2019,1137,2019-01-07,urgences
2020,1204,2019-02-09,généraliste
2021,1352,2024-08-08,généraliste
2022,436,2023-03-05,urgences
2023,2214,2024-03-13,urgences
2024,1593,2021-07-06,pédiatre
2025,2072,2022-03-31,pédiatre
2026,1603,2023-11-05,urgences
2027,1739,2022-05-02,pédiatre
2028,464,2023-03-20,pneumologue
2029,59,2021-10-23,urgences
2030,2121,2020-03-03,pédiatre
2031,1407,2022-07-04,généraliste
2032,281,2025-12-10,généraliste
2033,26,2025-10-30,généraliste
2034,1040,2019-08-28,généraliste
2035,2099,2022-01-23,généraliste
2036,1122,2022-04-29,généraliste
2037,2161,2020-10-14,pédiatre
2038,759,2025-07-08,pneumologue
2039,1712,2019-09-28,pédiatre
2040,545,2022-11-07,pédiatre
2041,212,2023-11-16,urgences
2042,2102,2023-04-10,généraliste
2043,47,2022-05-30,urgences
2044,102,2025-01-23,généraliste
2045,970,2025-11-13,pédiatre
2046,737,2019-08-10,urgences
2047,1246,2025-02-12,urgences
2048,1166,2025-11-08,pédiatre
2049,848,2021-11-15,pédiatre
2050,556,2024-04-02,pédiatre
2051,179,2025-12-13,pédiatre
2052,1267,2022-01-27,pédiatre
2053,841,2025-11-01,généraliste
2054,1675,2025-09-22,généraliste
2055,182,2025-03-27,urgences
2056,2002,2025-06-27,urgences
2057,2070,2021-08-08,urgences
2058,1191,2020-06-29,pédiatre
2059,879,2023-02-19,généraliste
2060,131,2025-02-16,pédiatre
2061,639,2023-10-28,urgences
2062,270,2020-01-02,généraliste
2063,2079,2023-10-07,pédiatre
2064,1824,2019-12-06,pédiatre
2065,2402,2023-07-11,généraliste
2066,1879,2023-01-08,urgences
2067,370,2022-12-11,généraliste
2068,1068,2024-05-20,pneumologue
2069,2402,2023-05-29,pédiatre
2070,382,2024-08-01,pédiatre
2071,1080,2023-02-23,pédiatre
2072,861,2023-03-31,urgences
2073,41,2023-03-11,généraliste
2074,879,2022-08-12,urgences
2075,1301,2024-04-26,urgences
2076,644,2020-03-17,urgences
2077,1898,2019-05-16,généraliste
2078,753,2023-11-28,généraliste
2079,2314,2024-06-09,pédiatre
2080,2401,2024-05-20,pédiatre
2081,245,2023-10-01,urgences
2082,604,2023-09-15,pneumologue
2083,50,2023-08-20,généraliste
2084,1193,2022-12-17,urgences
2085,1399,2022-02-10,pédiatre
2086,300,2025-04-15,pédiatre
2087,1761,2023-09-28,généraliste
2088,678,2023-07-24,pédiatre
2089,2077,2020-04-28,généraliste
2090,1643,2021-12-22,urgences
2091,872,2025-02-10,urgences
2092,739,2024-12-07,pédiatre
2093,382,2024-10-30,pédiatre
2094,2305,2025-03-29,pneumologue
2095,2391,2021-09-18,pédiatre
2096,40,2022-06-09,pédiatre
2097,1534,2019-08-08,pédiatre
2098,544,2022-07-17,urgences
2099,2056,2025-02-16,généraliste
2100,1414,2025-10-06,pédiatre
2101,1666,2022-08-01,généraliste
2102,112,2022-01-17,généraliste
2103,627,2024-07-20,urgences
2104,1212,2024-03-05,pédiatre
2105,352,2024-02-13,généraliste
2106,1791,2021-07-30,généraliste
2107,2351,2025-04-18,urgences
2108,1839,2023-03-03,urgences
2109,330,2025-01-23,pédiatre
2110,60,2025-11-29,urgences
2111,885,2023-01-19,pédiatre
2112,2236,2024-08-23,urgences
2113,2136,2023-11-27,urgences
2114,1015,2023-07-15,pédiatre
2115,192,2021-08-31,généraliste
2116,1698,2024-07-11,généraliste
2117,1495,2025-04-25,généraliste
2118,926,2024-10-29,urgences
2119,1245,2024-05-22,urgences
2120,47,2023-07-07,pédiatre
2121,589,2024-12-01,généraliste
2122,1383,2023-07-04,pédiatre
2123,1199,2025-03-29,pneumologue
2124,919,2021-09-15,urgences
2125,1829,2024-06-19,urgences
2126,742,2022-11-03,urgences
2127,1949,2023-02-19,généraliste
2128,1335,2022-08-31,urgences
2129,166,2025-11-12,pédiatre
2130,1146,2025-10-18,généraliste
2131,2269,2022-01-23,pédiatre
2132,1021,2023-10-25,pédiatre
2133,2169,2021-10-15,urgences
2134,97,2023-02-12,pédiatre
2135,1881,2019-07-08,généraliste
2136,1937,2025-02-15,pédiatre
2137,871,2023-09-04,généraliste
2138,288,2025-10-22,pneumologue
2139,108,2025-12-13,pédiatre
2140,2174,2025-10-08,pédiatre
2141,2439,2025-06-11,urgences
2142,1125,2019-02-13,pédiatre
2143,362,2025-10-06,urgences
2144,541,2025-10-11,urgences
2145,740,2019-07-16,généraliste
2146,253,2021-03-28,généraliste
2147,1152,2023-04-24,généraliste
2148,2044,2025-11-18,généraliste
2149,1473,2025-01-01,urgences
2150,586,2023-07-10,pédiatre
2151,128,2021-09-07,urgences
2152,1301,2024-08-12,urgences
2153,1236,2019-01-29,généraliste
2154,637,2023-02-17,généraliste
2155,2183,2024-12-13,pédiatre
2156,777,2024-04-03,généraliste
2157,2463,2022-09-08,urgences
2158,2207,2024-09-24,pédiatre
2159,863,2020-12-02,urgences
2160,2105,2025-07-22,pédiatre
2161,778,2024-10-02,pneumologue
2162,2109,2024-01-16,pédiatre
2163,1578,2025-02-26,pédiatre
2164,2492,2024-04-26,généraliste
2165,215,2024-02-05,pédiatre
2166,2500,2024-05-20,urgences
2167,2123,2025-07-21,pneumologue
2168,2207,2025-07-22,généraliste
2169,886,2023-11-11,pédiatre
2170,371,2022-07-24,pédiatre
2171,1482,2025-05-25,pédiatre
2172,433,2020-04-28,urgences
2173,665,2025-04-02,pneumologue
2174,938,2021-12-29,pédiatre
2175,1032,2022-03-31,pédiatre
2176,160,2025-05-10,généraliste
2177,2500,2022-12-03,pédiatre
2178,395,2024-05-27,pédiatre
2179,2465,2024-07-23,urgences
2180,825,2023-11-30,pédiatre
2181,841,2024-06-14,généraliste
2182,1541,2023-05-26,pneumologue
2183,141,2024-01-20,urgences
2184,1176,2024-09-04,urgences
2185,818,2022-10-31,urgences
2186,1414,2024-02-17,urgences
2187,2217,2019-05-10,pédiatre
2188,2459,2019-11-02,généraliste
2189,2239,2025-06-22,pédiatre
2190,1533,2022-06-03,urgences
2191,890,2025-05-31,pédiatre
2192,1735,2024-08-19,urgences
2193,2350,2025-04-11,pneumologue
2194,126,2024-07-23,généraliste
2195,1639,2024-05-09,pédiatre
2196,750,2025-06-06,urgences
2197,1414,2024-03-09,pneumologue
2198,1715,2023-10-12,pédiatre
2199,628,2025-01-26,urgences
2200,529,2024-08-10,généraliste
2201,1009,2025-08-04,généraliste
2202,1947,2021-12-17,généraliste
2203,2498,2021-03-19,généraliste
2204,404,2024-08-29,urgences
2205,641,2025-05-08,urgences
2206,428,2024-11-05,pédiatre
2207,969,2019-08-06,urgences
2208,285,2025-08-02,urgences
2209,190,2021-04-25,généraliste
2210,1134,2025-09-16,généraliste
2211,740,2023-04-27,urgences
2212,2190,2025-04-13,pédiatre
2213,127,2025-01-15,pédiatre
2214,1192,2024-03-06,généraliste
2215,630,2023-06-17,généraliste
2216,881,2023-10-10,pédiatre
2217,2123,2025-03-12,pneumologue
2218,2199,2025-08-24,généraliste
2219,1924,2019-11-21,pédiatre
2220,899,2023-04-19,généraliste
2221,5,2019-12-30,pneumologue
2222,2007,2025-06-07,urgences
2223,1488,2023-09-21,généraliste
2224,1438,2022-02-13,généraliste
2225,524,2020-12-17,généraliste
2226,1584,2019-06-20,urgences
2227,56,2024-03-02,pédiatre
2228,819,2025-11-19,généraliste
2229,1911,2023-06-20,pneumologue
2230,2229,2024-02-06,pneumologue
2231,1074,2023-04-19,généraliste
2232,1602,2022-10-09,urgences
2233,2239,2023-05-08,généraliste
2234,2253,2024-04-16,pédiatre
2235,360,2023-12-16,pédiatre
2236,1741,2022-07-11,pédiatre
2237,2275,2023-02-03,généraliste
2238,894,2024-07-28,urgences
2239,2419,2023-08-21,généraliste
2240,1893,2021-04-22,pédiatre
2241,2056,2020-08-26,pédiatre
2242,792,2021-04-14,pédiatre
2243,615,2025-06-08,urgences
2244,1006,2024-02-06,généraliste
2245,1530,2025-09-11,urgences
2246,1643,2024-04-18,urgences
2247,940,2025-01-26,pneumologue
2248,577,2024-11-07,urgences
2249,2307,2024-02-15,pneumologue
2250,1877,2021-03-17,urgences
2251,1432,2024-11-01,pneumologue
2252,1164,2019-01-26,pédiatre
2253,813,2025-07-02,urgences
2254,1491,2020-02-07,urgences
2255,2154,2022-09-06,pneumologue
2256,1508,2025-02-05,généraliste
2257,810,2019-02-15,pédiatre
2258,284,2025-06-08,pédiatre
2259,678,2025-12-07,pédiatre
2260,1074,2023-09-07,pédiatre
2261,412,2024-03-24,pédiatre
2262,561,2024-11-06,urgences
2263,705,2024-08-10,urgences
2264,754,2023-07-16,pédiatre
2265,1382,2025-02-17,généraliste
2266,1936,2021-04-02,généraliste
2267,1885,2023-11-06,urgences
2268,1651,2024-02-23,généraliste
2269,2396,2022-11-02,généraliste
2270,2473,2025-10-13,pédiatre
2271,1360,2025-10-08,généraliste
2272,907,2022-12-05,généraliste
2273,351,2024-07-21,généraliste
2274,1559,2024-08-11,pédiatre
2275,1315,2025-06-26,urgences
2276,1395,2022-03-06,urgences
2277,1321,2025-02-11,généraliste
2278,479,2024-02-23,généraliste
2279,232,2021-02-17,pédiatre
2280,260,2020-05-27,urgences
2281,2496,2022-09-23,pneumologue
2282,2097,2024-10-03,pédiatre
2283,1651,2024-12-22,généraliste
2284,2396,2025-09-17,généraliste
2285,907,2023-02-22,urgences
2286,273,2025-12-15,généraliste
2287,1046,2023-10-25,pédiatre
2288,2154,2024-12-03,pneumologue
2289,2205,2024-02-04,urgences
2290,1767,2025-05-13,pneumologue
2291,2136,2022-12-25,pneumologue
2292,1144,2025-07-15,généraliste
2293,50,2021-02-07,urgences
2294,1785,2025-03-05,pédiatre
2295,1023,2020-11-26,généraliste
2296,1978,2025-01-03,pédiatre
2297,2464,2019-03-26,urgences
2298,1411,2021-09-23,urgences
2299,861,2022-04-22,pédiatre
2300,156,2022-06-22,pneumologue
2301,1629,2023-07-26,urgences
2302,1479,2021-03-31,urgences
2303,1568,2021-09-18,urgences
2304,1698,2025-07-24,pneumologue
2305,1422,2025-03-17,pédiatre
2306,2015,2020-04-09,urgences
2307,1028,2022-01-01,généraliste
2308,851,2024-10-29,pédiatre
2309,570,2023-07-16,pédiatre
2310,659,2025-09-14,urgences
2311,248,2024-10-10,généraliste
2312,2323,2021-06-28,urgences
2313,2281,2025-03-04,urgences
2314,1538,2021-08-13,urgences
2315,2292,2022-05-25,généraliste
2316,2173,2022-12-23,pédiatre
2317,2035,2022-03-02,généraliste
2318,300,2022-07-15,généraliste
2319,1707,2025-12-01,généraliste
2320,1797,2022-01-17,pédiatre
2321,111,2020-08-22,pédiatre
2322,1062,2025-03-21,généraliste
2323,2240,2025-02-16,généraliste
2324,1470,2024-04-13,pédiatre
2325,2218,2022-08-04,urgences
2326,665,2023-11-29,pédiatre
2327,2347,2022-04-06,généraliste
2328,1312,2024-12-06,pédiatre
2329,1823,2024-12-30,pédiatre
2330,1189,2019-05-24,généraliste
2331,2389,2019-08-15,généraliste
2332,1845,2025-04-06,pneumologue
2333,1776,2020-05-01,généraliste
2334,1707,2024-06-26,pédiatre
2335,1013,2025-11-05,urgences
2336,288,2025-06-08,généraliste
2337,2009,2019-04-18,généraliste
2338,193,2020-01-01,généraliste
2339,15,2024-10-15,pédiatre
2340,1182,2023-10-29,généraliste
2341,247,2021-07-30,pédiatre
2342,1600,2024-10-07,urgences
2343,126,2020-12-18,urgences
2344,194,2024-09-06,pédiatre
2345,2024,2021-07-21,urgences
2346,200,2024-12-29,urgences
2347,1651,2024-01-14,généraliste
2348,2341,2025-09-02,urgences
2349,182,2025-12-06,généraliste
2350,2400,2022-05-28,pneumologue
2351,809,2022-05-11,généraliste
2352,1831,2023-06-07,pédiatre
2353,163,2022-02-08,urgences
2354,1884,2025-08-08,pédiatre
2355,2033,2022-09-27,urgences
2356,320,2024-01-26,urgences
2357,36,2024-11-07,urgences
2358,419,2024-04-29,généraliste
2359,2105,2025-10-30,généraliste
2360,1447,2019-09-11,généraliste
2361,807,2025-04-19,pédiatre
2362,242,2024-05-03,urgences
2363,1755,2021-11-18,pédiatre
2364,2377,2019-12-20,pneumologue
2365,460,2024-06-29,pédiatre
2366,1589,2023-04-06,urgences
2367,324,2024-03-15,pédiatre
2368,1088,2022-10-30,urgences
2369,615,2021-03-29,généraliste
2370,54,2023-02-11,urgences
2371,398,2025-08-26,pédiatre
2372,977,2019-08-21,urgences
2373,1464,2025-05-03,généraliste
2374,2095,2025-11-13,généraliste
2375,480,2021-10-28,généraliste
2376,2285,2023-09-09,généraliste
2377,1259,2019-01-03,urgences
2378,1957,2022-08-02,généraliste
2379,523,2019-03-17,urgences
2380,1449,2024-04-03,pédiatre
2381,2366,2020-05-22,généraliste
2382,1735,2025-06-20,pneumologue
2383,2137,2024-07-07,pédiatre
2384,347,2024-03-21,pédiatre
2385,1301,2024-08-22,urgences
2386,1740,2023-05-21,généraliste
2387,114,2024-12-31,urgences
2388,2083,2025-12-12,généraliste
2389,1811,2024-06-20,généraliste
2390,2122,2024-02-03,pédiatre
2391,1006,2023-03-28,pédiatre
2392,923,2024-08-12,pédiatre
2393,531,2024-08-23,urgences
2394,448,2025-10-24,urgences
2395,1365,2024-11-11,pédiatre
2396,875,2022-01-11,généraliste
2397,1518,2020-11-06,urgences
2398,1646,2024-07-23,pédiatre
2399,1687,2022-01-16,pédiatre
2400,357,2024-09-07,pneumologue
2401,1544,2025-12-25,pédiatre
2402,1405,2023-04-13,urgences
2403,1869,2024-11-18,urgences
2404,1978,2024-03-01,généraliste
2405,1271,2025-02-01,pédiatre
2406,2002,2019-11-27,urgences
2407,2336,2021-06-02,urgences
2408,680,2022-04-15,pédiatre
2409,2130,2020-07-31,pédiatre
2410,1390,2025-08-29,pédiatre
2411,486,2022-02-11,pédiatre
2412,613,2025-07-06,pédiatre
2413,394,2024-04-30,urgences
2414,576,2022-07-08,urgences
2415,1235,2021-11-05,généraliste
2416,1876,2024-09-24,urgences
2417,726,2021-03-28,généraliste
2418,1300,2024-12-12,généraliste
2419,1828,2024-12-15,pédiatre
2420,1454,2024-09-17,généraliste
2421,1120,2023-09-12,urgences
2422,1399,2024-06-30,généraliste
2423,1085,2025-11-25,urgences
2424,2232,2025-09-18,urgences
2425,677,2019-01-14,pédiatre
2426,1929,2025-08-09,généraliste
2427,2429,2022-06-23,pédiatre
2428,1866,2023-05-21,pneumologue
2429,2046,2021-06-28,généraliste
2430,2285,2024-04-29,généraliste
2431,2296,2023-12-14,urgences
2432,1698,2024-09-09,pneumologue
2433,1008,2024-07-22,généraliste
2434,1265,2021-09-21,pédiatre
2435,2496,2024-03-26,pédiatre
2436,1396,2022-10-25,généraliste
2437,1672,2023-11-06,généraliste
2438,1675,2025-04-02,pneumologue
2439,2023,2021-09-19,généraliste
2440,1376,2021-08-03,généraliste
2441,449,2019-01-09,pédiatre
2442,1446,2024-06-17,généraliste
2443,1334,2025-10-13,généraliste
2444,1690,2022-02-02,pédiatre
2445,756,2025-03-28,urgences
2446,653,2025-03-24,généraliste
2447,408,2022-08-23,urgences
2448,1419,2024-10-05,pneumologue
2449,2192,2024-12-16,généraliste
2450,1167,2022-01-13,pneumologue
2451,884,2023-07-12,généraliste
2452,181,2024-07-17,urgences
2453,1437,2025-09-18,généraliste
2454,2044,2025-12-08,pédiatre
2455,560,2024-10-15,urgences
2456,2052,2019-07-26,urgences
2457,2319,2021-12-07,pneumologue
2458,2098,2021-11-09,généraliste
2459,1776,2023-01-15,pédiatre
2460,496,2025-10-01,généraliste
2461,841,2020-01-27,généraliste
2462,1377,2021-07-22,pédiatre
2463,535,2025-10-25,généraliste
2464,2035,2021-10-01,généraliste
2465,389,2024-10-28,pneumologue
2466,180,2022-06-19,généraliste
2467,200,2024-05-02,urgences
2468,765,2025-07-23,urgences
2469,1938,2019-06-24,généraliste
2470,235,2025-12-26,généraliste
2471,1624,2021-03-29,pédiatre
2472,1033,2025-02-13,urgences
2473,1854,2023-08-06,généraliste
2474,1696,2024-01-26,urgences
2475,1167,2025-11-18,généraliste
2476,1282,2025-12-03,pédiatre
2477,488,2020-10-27,généraliste
2478,1106,2019-09-04,pédiatre
2479,130,2023-03-17,urgences
2480,2217,2022-02-12,généraliste
2481,1461,2019-09-20,urgences
2482,513,2025-12-25,pneumologue
2483,1515,2025-11-30,pédiatre
2484,1579,2021-01-08,urgences
2485,1138,2022-09-16,généraliste
2486,2387,2025-12-05,généraliste
2487,1043,2024-04-08,pneumologue
2488,1427,2024-06-30,pneumologue
2489,2255,2025-08-15,généraliste
2490,2311,2025-09-15,pédiatre
2491,576,2024-01-21,généraliste
2492,1584,2025-10-22,pédiatre
2493,1989,2024-08-02,pédiatre
2494,1619,2025-06-07,pneumologue
2495,2116,2024-06-02,pédiatre
2496,1364,2023-09-30,pédiatre
2497,1005,2024-01-30,urgences
2498,1965,2025-03-05,généraliste
2499,856,2024-05-17,généraliste
2500,1457,2024-04-06,pédiatre
2501,1480,2024-06-20,généraliste
2502,2019,2024-03-31,urgences
2503,949,2025-08-07,pneumologue
2504,2340,2025-09-05,pneumologue
2505,1035,2024-04-09,pédiatre
2506,795,2021-03-07,généraliste
2507,1840,2025-02-19,généraliste
2508,385,2022-11-29,urgences
2509,937,2023-07-13,urgences
2510,1642,2020-07-29,urgences
2511,693,2024-11-14,urgences
2512,366,2024-03-13,généraliste
2513,523,2020-06-13,pédiatre
2514,517,2025-11-16,urgences
2515,1147,2023-02-19,urgences
2516,1376,2020-02-20,pédiatre
2517,916,2023-07-28,pédiatre
2518,1900,2025-02-27,urgences
2519,978,2023-10-24,urgences
2520,1431,2024-12-20,pédiatre
2521,1312,2023-03-08,urgences
2522,944,2020-08-03,pédiatre
2523,1025,2025-12-31,généraliste
2524,62,2019-09-16,urgences
2525,1218,2022-06-20,pédiatre
2526,778,2022-10-30,généraliste
2527,1199,2025-04-27,généraliste
2528,948,2022-12-01,pédiatre
2529,1646,2025-01-07,urgences
2530,2085,2020-04-03,urgences
2531,2332,2021-10-16,urgences
2532,621,2025-09-16,urgences
2533,334,2025-05-27,généraliste
2534,328,2020-05-06,généraliste
2535,1419,2022-01-01,urgences
2536,1178,2024-08-28,urgences
2537,1751,2024-07-23,urgences
2538,2190,2022-02-17,pédiatre
2539,1650,2022-06-12,urgences
2540,1897,2025-10-19,pneumologue
2541,1926,2021-08-30,pédiatre
2542,2196,2024-10-12,pédiatre
2543,2269,2020-05-05,généraliste
2544,617,2019-10-03,pédiatre
2545,1845,2025-10-09,pneumologue
2546,631,2023-06-05,généraliste
2547,1866,2023-06-10,urgences
2548,2483,2022-03-13,pédiatre
2549,652,2025-05-25,généraliste
2550,824,2023-09-13,pédiatre
2551,715,2024-03-16,généraliste
2552,2114,2025-06-23,généraliste
2553,1042,2025-01-19,pédiatre
2554,2144,2025-12-07,urgences
2555,1963,2021-11-21,urgences
2556,1518,2019-11-29,pneumologue
2557,1400,2025-05-23,urgences
2558,1296,2020-07-23,généraliste
2559,320,2025-07-31,généraliste
2560,238,2024-03-27,pédiatre
2561,1735,2025-05-11,urgences
2562,1303,2022-09-07,généraliste
2563,1444,2025-09-22,pédiatre
2564,1352,2025-06-09,urgences
2565,2092,2023-12-22,pneumologue
2566,235,2025-04-25,pédiatre
2567,242,2020-01-30,généraliste
2568,839,2023-02-24,pneumologue
2569,551,2021-10-04,pédiatre
2570,2485,2021-06-06,pédiatre
2571,29,2021-04-27,pédiatre
2572,105,2019-12-23,pédiatre
2573,879,2024-01-30,généraliste
2574,767,2025-02-21,généraliste
2575,1804,2022-11-21,urgences
2576,1157,2025-09-08,pédiatre
2577,263,2024-07-21,pédiatre
2578,699,2025-11-06,urgences
2579,1060,2022-03-16,généraliste
2580,2220,2025-06-23,urgences
2581,160,2025-12-26,pédiatre
2582,550,2024-05-13,généraliste
2583,409,2020-12-30,généraliste
2584,1867,2025-02-15,pédiatre
2585,2438,2020-01-02,urgences
2586,1568,2024-12-31,pédiatre
2587,2137,2024-05-21,urgences
2588,1033,2025-12-13,généraliste
2589,1488,2024-08-19,urgences
2590,2462,2020-04-24,urgences
2591,1109,2019-04-26,pédiatre
2592,1821,2023-05-27,généraliste
2593,900,2019-09-08,urgences
2594,1599,2025-06-03,pneumologue
2595,2264,2020-12-15,pédiatre
2596,1074,2019-12-11,urgences
2597,1298,2024-09-15,urgences
2598,1911,2025-08-03,pédiatre
2599,248,2025-12-22,généraliste
2600,1414,2024-11-23,pédiatre
2601,1138,2022-01-14,pédiatre
2602,1087,2024-08-02,généraliste
2603,285,2023-06-05,pédiatre
2604,980,2022-03-01,généraliste
2605,769,2024-11-16,pédiatre
2606,2093,2019-01-20,urgences
2607,1237,2022-08-12,urgences
2608,895,2023-07-05,urgences
2609,1113,2023-09-16,généraliste
2610,1525,2020-04-06,urgences
2611,1527,2019-11-19,pédiatre
2612,1037,2025-12-23,pneumologue
2613,848,2022-08-16,généraliste
2614,439,2021-10-31,pneumologue
2615,2375,2025-07-08,généraliste
2616,1139,2021-01-14,pédiatre
2617,2302,2025-05-27,urgences
2618,2323,2025-11-22,urgences
2619,389,2024-10-26,pédiatre
2620,1824,2019-09-23,urgences
2621,686,2023-05-07,généraliste
2622,2479,2025-05-17,pédiatre
2623,1365,2024-08-06,urgences
2624,2406,2025-09-21,pneumologue
2625,2439,2025-07-23,pédiatre
2626,478,2025-05-22,pédiatre
2627,2358,2025-11-09,généraliste
2628,262,2025-08-13,urgences
2629,352,2024-02-16,pneumologue
2630,1791,2023-05-11,urgences
2631,1670,2021-10-18,urgences
2632,868,2019-03-18,urgences
2633,1977,2024-02-25,généraliste
2634,1513,2022-05-04,pédiatre
2635,2470,2020-02-17,pédiatre
2636,654,2025-12-12,généraliste
2637,1801,2023-12-17,généraliste
2638,2157,2023-05-08,urgences
2639,2206,2021-02-21,généraliste
2640,2148,2025-02-15,généraliste
2641,1913,2021-01-21,pédiatre
2642,177,2022-12-25,pneumologue
2643,1330,2021-08-27,pédiatre
2644,2253,2024-07-10,urgences
2645,1413,2023-10-30,urgences
2646,2157,2022-05-30,urgences
2647,1075,2022-06-08,urgences
2648,1585,2024-11-29,urgences
2649,1806,2021-06-12,urgences
2650,1156,2023-04-09,pédiatre
2651,1094,2025-11-27,généraliste
2652,2119,2025-11-13,urgences
2653,2198,2022-07-27,pédiatre
2654,1154,2024-01-25,pédiatre
2655,183,2022-10-04,généraliste
2656,1524,2024-09-25,urgences
2657,205,2024-03-15,urgences
2658,1150,2024-09-22,urgences
2659,20,2023-08-16,généraliste
2660,2173,2024-03-31,pédiatre
2661,106,2025-10-19,urgences
2662,181,2025-09-29,généraliste
2663,602,2020-09-07,urgences
2664,710,2024-10-31,généraliste
2665,2136,2022-11-30,pneumologue
2666,1140,2023-10-01,généraliste
2667,616,2019-11-29,pédiatre
2668,1712,2022-01-26,généraliste
2669,521,2025-10-29,pédiatre
2670,49,2022-12-30,pédiatre
2671,716,2025-05-20,généraliste
2672,255,2021-12-24,pédiatre
2673,1902,2024-09-15,pédiatre
2674,1164,2021-08-07,urgences
2675,1473,2024-04-16,généraliste
2676,1654,2025-08-25,urgences
2677,1348,2021-12-01,généraliste
2678,837,2025-03-05,urgences
2679,995,2021-06-04,pédiatre
2680,2500,2025-04-01,urgences
2681,314,2023-04-06,urgences
2682,1920,2021-05-30,généraliste
2683,1972,2019-06-03,généraliste
2684,1630,2022-11-14,généraliste
2685,1151,2024-02-05,généraliste
2686,224,2025-01-23,pédiatre
2687,1910,2022-02-07,généraliste
2688,2489,2020-12-04,pneumologue
2689,1318,2024-05-10,urgences
2690,1653,2023-10-25,généraliste
2691,457,2019-06-22,pédiatre
2692,817,2023-01-15,pédiatre
2693,1956,2019-11-02,pneumologue
2694,1275,2023-08-12,généraliste
2695,2124,2023-12-01,pédiatre
2696,2392,2023-09-18,urgences
2697,104,2024-08-04,pédiatre
2698,319,2025-07-04,pédiatre
2699,899,2023-04-16,pédiatre
2700,1926,2022-04-04,généraliste
2701,1797,2023-02-18,urgences
2702,2192,2024-04-01,urgences
2703,1063,2025-03-29,urgences
2704,842,2020-02-16,généraliste
2705,1412,2025-11-01,pédiatre
2706,1624,2024-11-08,généraliste
2707,954,2023-04-10,urgences
2708,74,2020-06-13,pédiatre
2709,1758,2020-04-15,généraliste
2710,1263,2023-06-03,généraliste
2711,1811,2025-02-03,pneumologue
2712,943,2023-05-07,généraliste
2713,631,2021-10-23,urgences
2714,1110,2020-04-17,urgences
2715,268,2025-05-05,généraliste
2716,234,2023-10-21,généraliste
2717,2271,2023-08-28,urgences
2718,1085,2025-07-27,pédiatre
2719,1699,2025-09-05,généraliste
2720,159,2024-12-29,pédiatre
2721,309,2025-05-02,urgences
2722,1796,2024-03-12,généraliste
2723,614,2024-12-03,urgences
2724,422,2020-03-07,généraliste
2725,347,2023-09-10,généraliste
2726,318,2024-01-18,pédiatre
2727,1392,2025-07-15,pédiatre
2728,1845,2024-09-16,généraliste
2729,772,2024-11-11,pédiatre
2730,1324,2024-05-12,généraliste
2731,278,2022-07-14,urgences
2732,2256,2022-05-04,généraliste
2733,1396,2024-05-23,urgences
2734,2473,2025-05-22,urgences
2735,1247,2024-01-21,généraliste
2736,2235,2023-11-13,urgences
2737,1372,2022-07-25,généraliste
2738,2463,2021-06-05,généraliste
2739,2251,2019-05-15,généraliste
2740,1910,2022-05-25,urgences
2741,1172,2025-08-25,urgences
2742,1730,2024-08-27,pédiatre
2743,937,2025-02-17,généraliste
2744,700,2025-08-19,pédiatre
2745,1878,2021-10-23,pneumologue
2746,511,2020-01-03,pédiatre
2747,1152,2025-06-12,généraliste
2748,1669,2023-08-07,pédiatre
2749,329,2022-08-17,pédiatre
2750,1385,2024-03-15,urgences
2751,69,2025-08-16,pneumologue
2752,1245,2023-04-23,pédiatre
2753,1231,2024-09-09,pédiatre
2754,1399,2021-12-13,pneumologue
2755,1308,2021-05-30,pédiatre
2756,925,2020-10-07,généraliste
2757,1244,2020-09-20,pédiatre
2758,702,2022-07-25,urgences
2759,1651,2025-05-29,urgences
2760,1730,2024-08-24,pédiatre
2761,1721,2025-04-27,généraliste
2762,2454,2023-09-21,pneumologue
2763,666,2020-10-02,généraliste
2764,826,2021-09-23,généraliste
2765,1642,2020-07-13,urgences
2766,1454,2025-02-04,pédiatre
2767,2165,2022-11-03,généraliste
2768,176,2025-06-10,généraliste
2769,1611,2025-03-29,pédiatre
2770,769,2024-07-22,urgences
2771,1695,2024-04-23,pneumologue
2772,68,2020-09-17,urgences
2773,1704,2020-09-25,pédiatre
2774,1816,2025-08-01,pédiatre
2775,1095,2021-07-17,pédiatre
2776,1063,2022-09-30,urgences
2777,2287,2025-08-03,pédiatre
2778,1284,2019-07-04,pédiatre
2779,1311,2024-10-21,pédiatre
2780,250,2019-10-24,urgences
2781,188,2025-05-29,urgences
2782,793,2022-03-31,généraliste
2783,1736,2025-07-14,urgences
2784,308,2022-09-06,pneumologue
2785,1693,2020-02-22,urgences
2786,112,2025-07-31,généraliste
2787,1176,2022-10-08,urgences
2788,1846,2021-01-31,généraliste
2789,919,2024-12-12,urgences
2790,1745,2024-04-28,pédiatre
2791,1759,2023-06-22,généraliste
2792,1691,2025-01-07,urgences
2793,735,2024-02-15,généraliste
2794,2026,2025-04-11,pneumologue
2795,1500,2023-11-14,pédiatre
2796,2034,2023-03-01,généraliste
2797,1456,2023-12-29,généraliste
2798,820,2023-01-04,urgences
2799,2496,2023-03-10,généraliste
2800,504,2022-09-20,pédiatre
2801,2416,2019-07-04,pédiatre
2802,1012,2024-06-21,pneumologue
2803,57,2025-12-13,urgences
2804,2406,2025-05-31,généraliste
2805,1438,2025-06-16,urgences
2806,841,2021-09-18,pédiatre
2807,2496,2023-01-18,pédiatre
2808,1791,2023-12-07,généraliste
2809,414,2025-05-15,urgences
2810,975,2025-05-06,pédiatre
2811,1122,2025-03-05,pédiatre
2812,1464,2023-07-15,pneumologue
2813,1237,2025-11-17,urgences
2814,1120,2025-08-30,urgences
2815,1479,2021-01-16,généraliste
2816,776,2025-09-03,généraliste
2817,1661,2021-07-01,généraliste
2818,27,2024-08-29,pédiatre
2819,2033,2020-12-03,urgences
2820,775,2023-07-31,pédiatre
2821,1469,2022-12-31,urgences
2822,566,2019-06-06,urgences
2823,1562,2024-02-15,pneumologue
2824,2431,2024-09-25,généraliste
2825,1696,2023-02-25,généraliste
2826,341,2025-08-25,généraliste
2827,1415,2025-04-14,pédiatre
2828,2063,2020-11-28,pédiatre
2829,529,2019-03-28,généraliste
2830,453,2025-12-30,généraliste
2831,657,2024-08-16,pédiatre
2832,1328,2020-10-18,urgences
2833,1188,2021-03-16,généraliste
2834,1275,2025-08-09,pédiatre
2835,1900,2025-12-22,urgences
2836,2474,2022-01-31,urgences
2837,180,2020-01-05,généraliste
2838,1767,2025-01-21,pneumologue
2839,2105,2025-05-28,pédiatre
2840,1840,2024-09-24,urgences
2841,1619,2025-03-11,pneumologue
2842,2033,2021-04-24,urgences
2843,2407,2023-12-05,pédiatre
2844,1997,2019-06-12,pédiatre
2845,699,2025-02-19,généraliste
2846,228,2023-12-31,pédiatre
2847,2104,2023-03-07,généraliste
2848,1503,2024-03-29,pédiatre
2849,1390,2024-08-08,urgences
2850,1304,2025-11-03,pneumologue
2851,712,2019-02-19,urgences
2852,2217,2023-10-25,urgences
2853,362,2023-06-04,généraliste
2854,371,2024-08-30,pneumologue
2855,590,2021-06-04,pédiatre
2856,1035,2024-10-11,pédiatre
2857,529,2023-06-26,urgences
2858,2087,2025-10-19,généraliste
2859,799,2019-04-14,généraliste
2860,67,2020-11-05,pédiatre
2861,1322,2020-09-18,urgences
2862,2363,2022-08-06,généraliste
2863,1435,2021-09-20,pédiatre
2864,1012,2024-03-18,généraliste
2865,2336,2022-04-24,pédiatre
2866,1215,2020-12-24,urgences
2867,745,2022-06-30,généraliste
2868,2449,2020-01-15,urgences
2869,993,2024-03-15,urgences
2870,698,2022-08-02,pédiatre
2871,2026,2025-11-23,pneumologue
2872,1699,2021-06-27,urgences
2873,752,2020-01-06,urgences
2874,1310,2025-05-30,généraliste
2875,976,2025-06-08,pédiatre
2876,1912,2024-06-06,pédiatre
2877,1939,2023-06-15,urgences
2878,832,2022-09-01,pédiatre
2879,2186,2025-11-23,urgences
2880,387,2025-03-07,urgences
2881,371,2023-04-08,pneumologue
2882,1261,2019-05-22,urgences
2883,1438,2019-03-27,urgences
2884,726,2025-08-15,pneumologue
2885,916,2020-10-11,généraliste
2886,1723,2023-02-11,généraliste
2887,1469,2021-04-29,pédiatre
2888,805,2025-01-15,pédiatre
2889,527,2023-12-05,généraliste
2890,91,2025-07-18,généraliste
2891,111,2025-02-02,pédiatre
2892,888,2021-10-16,généraliste
2893,1843,2019-05-03,généraliste
2894,2122,2023-12-30,pédiatre
2895,1867,2021-11-22,généraliste
2896,1534,2021-04-28,urgences
2897,218,2025-08-10,urgences
2898,460,2025-04-29,pneumologue
2899,943,2025-11-05,pneumologue
2900,1495,2024-04-20,généraliste
2901,1711,2023-06-17,pédiatre
2902,2141,2025-01-02,urgences
2903,1976,2025-06-02,généraliste
2904,737,2023-10-19,pneumologue
2905,371,2021-06-22,généraliste
2906,163,2023-10-25,pédiatre
2907,170,2019-11-16,urgences
2908,2408,2023-06-11,généraliste
2909,745,2025-11-16,urgences
2910,973,2024-10-26,généraliste
2911,1908,2022-08-02,urgences
2912,1241,2023-02-02,urgences
2913,405,2024-02-18,pédiatre
2914,857,2025-04-26,urgences
2915,270,2022-12-27,urgences
2916,463,2024-01-28,pneumologue
2917,1062,2025-09-10,urgences
2918,2194,2025-10-21,urgences
2919,1685,2024-05-13,généraliste
2920,1069,2025-08-27,généraliste
2921,1850,2024-07-15,généraliste
2922,702,2025-09-20,pédiatre
2923,909,2019-12-15,urgences
2924,2133,2022-09-12,urgences
2925,768,2022-08-29,urgences
2926,783,2025-12-19,généraliste
2927,608,2025-12-02,pédiatre
2928,403,2021-11-04,urgences
2929,225,2022-05-18,pédiatre
2930,1123,2021-09-30,généraliste
2931,2333,2023-10-22,généraliste
2932,582,2021-01-06,pédiatre
2933,1198,2023-01-16,généraliste
2934,483,2025-02-26,urgences
2935,1917,2025-12-01,pédiatre
2936,1777,2023-09-12,pédiatre
2937,2375,2025-05-22,pédiatre
2938,1611,2025-10-21,urgences
2939,1562,2024-10-08,pédiatre
2940,208,2024-11-06,généraliste
2941,1893,2024-11-04,urgences
2942,2054,2025-05-20,pédiatre
2943,575,2020-03-14,généraliste
2944,181,2025-11-22,urgences
2945,849,2020-07-06,généraliste
2946,1233,2025-04-05,urgences
2947,2368,2025-06-10,généraliste
2948,2475,2024-06-02,pédiatre
2949,1172,2025-10-15,pédiatre
2950,61,2024-02-06,pédiatre
2951,763,2023-07-20,pneumologue
2952,462,2019-11-30,pédiatre
2953,1595,2022-06-17,généraliste
2954,444,2021-10-04,urgences
2955,393,2021-08-24,pédiatre
2956,1269,2024-12-12,pédiatre
2957,67,2025-03-13,urgences
2958,1419,2025-06-13,pneumologue
2959,1753,2025-06-25,pédiatre
2960,2071,2021-09-06,généraliste
2961,2407,2024-10-12,urgences
2962,826,2023-01-04,pédiatre
2963,319,2023-02-18,généraliste
2964,1186,2024-09-28,urgences
2965,2057,2020-10-13,pédiatre
2966,718,2023-02-05,généraliste
2967,1312,2022-03-08,urgences
2968,1537,2025-06-25,urgences
2969,501,2019-09-22,urgences
2970,1581,2025-06-07,urgences
2971,307,2020-06-27,généraliste
2972,1695,2020-07-20,urgences
2973,546,2020-05-19,généraliste
2974,1748,2023-09-11,pédiatre
2975,2251,2022-11-11,pédiatre
2976,845,2024-10-23,urgences
2977,1149,2024-05-29,pédiatre
2978,248,2025-12-24,pédiatre
2979,2404,2019-09-26,urgences
2980,296,2024-01-05,généraliste
2981,1670,2022-12-01,urgences
2982,1753,2020-04-05,généraliste
2983,2161,2021-06-11,généraliste
2984,319,2024-11-26,pédiatre
2985,127,2025-09-10,pédiatre
2986,1436,2023-08-07,pédiatre
2987,2369,2022-04-22,généraliste
2988,1737,2022-12-15,généraliste
2989,1918,2025-05-18,pédiatre
2990,1078,2020-07-02,urgences
2991,363,2025-08-18,généraliste
2992,1194,2021-07-10,généraliste
2993,519,2023-12-25,pneumologue
2994,2367,2025-05-16,pédiatre
2995,986,2024-08-04,pédiatre
2996,1188,2024-02-02,généraliste
2997,1736,2025-10-13,généraliste
2998,1223,2022-12-30,généraliste
2999,1526,2024-09-22,pédiatre
3000,1488,2023-10-07,généraliste
3001,1224,2019-01-11,urgences
3002,2235,2025-02-15,urgences
3003,980,2025-04-06,urgences
3004,1427,2024-05-24,généraliste
3005,281,2024-12-30,généraliste
3006,774,2024-01-27,pédiatre
3007,434,2022-04-04,généraliste
3008,1258,2025-08-11,pédiatre
3009,1737,2024-10-03,pédiatre
3010,2448,2023-09-22,généraliste
3011,519,2025-12-28,pneumologue
3012,865,2024-10-17,pédiatre
3013,2219,2024-01-15,généraliste
3014,1646,2024-01-05,pédiatre
3015,422,2020-04-28,généraliste
3016,859,2025-09-15,pédiatre
3017,2202,2022-07-21,pédiatre
3018,1672,2020-12-12,urgences
3019,70,2023-06-30,généraliste
3020,2136,2023-01-10,urgences
3021,694,2025-01-29,pédiatre
3022,188,2025-12-15,généraliste
3023,486,2022-01-24,urgences
3024,1128,2020-04-19,généraliste
3025,2251,2024-04-10,urgences
3026,2259,2024-11-21,urgences
3027,1168,2024-03-04,généraliste
3028,2378,2021-08-07,pédiatre
3029,2111,2019-05-01,généraliste
3030,1670,2024-10-18,généraliste
3031,1796,2019-04-16,urgences
3032,162,2019-02-04,urgences
3033,1006,2024-04-09,urgences
3034,2176,2024-10-31,généraliste
3035,436,2024-10-07,urgences
3036,771,2024-05-21,généraliste
3037,976,2019-09-30,pédiatre
3038,1415,2025-11-02,urgences
3039,862,2023-02-11,urgences
3040,674,2019-04-29,urgences
3041,2291,2025-04-21,pédiatre
3042,1508,2023-12-17,pédiatre
3043,123,2022-10-28,pédiatre
3044,1897,2025-10-09,urgences
3045,2194,2025-06-26,généraliste
3046,1291,2025-10-30,urgences
3047,421,2025-07-23,généraliste
3048,686,2021-09-21,généraliste
3049,1105,2019-03-11,urgences
3050,2478,2022-01-19,généraliste
3051,2417,2025-12-05,généraliste
3052,282,2024-03-21,urgences
3053,783,2024-12-04,pneumologue
3054,2367,2025-12-29,généraliste
3055,1544,2024-12-22,pédiatre
3056,93,2024-03-15,urgences
3057,2486,2025-08-15,pédiatre
3058,2354,2019-05-22,généraliste
3059,1294,2025-05-01,généraliste
3060,1449,2023-04-27,urgences
3061,2219,2020-08-18,pédiatre
3062,939,2019-01-27,urgences
3063,23,2022-12-16,pédiatre
3064,1408,2021-04-22,urgences
3065,519,2023-07-31,généraliste
3066,1838,2025-03-13,généraliste
3067,262,2025-12-01,généraliste
3068,1376,2021-05-16,pédiatre
3069,2208,2023-12-11,urgences
3070,14,2025-08-24,généraliste
3071,486,2022-08-25,urgences
3072,2305,2025-07-18,généraliste
3073,2350,2022-05-05,généraliste
3074,98,2025-10-10,pneumologue
3075,2137,2022-01-26,urgences
3076,314,2024-09-01,pédiatre
3077,2467,2024-01-30,généraliste
3078,2188,2021-11-27,pédiatre
3079,1972,2021-02-13,généraliste
3080,1916,2025-08-10,urgences
3081,1441,2019-02-07,urgences
3082,2465,2021-11-14,pédiatre
3083,588,2019-08-04,pédiatre
3084,2283,2022-01-10,pédiatre
3085,224,2023-12-15,pédiatre
3086,2273,2025-05-08,pédiatre
3087,1497,2020-07-11,pédiatre
3088,1507,2021-08-08,pédiatre
3089,2469,2022-01-01,généraliste
3090,2485,2022-11-27,urgences
3091,1758,2021-10-29,généraliste
3092,327,2022-03-06,pédiatre
3093,1091,2023-10-09,généraliste
3094,217,2025-11-07,généraliste
3095,994,2024-03-12,urgences
3096,988,2024-03-07,urgences
3097,318,2021-01-31,pédiatre
3098,969,2020-02-23,pédiatre
3099,996,2025-12-01,généraliste
3100,1692,2025-10-11,généraliste
3101,1925,2022-10-18,généraliste
3102,928,2021-05-21,généraliste
3103,1516,2022-07-25,généraliste
3104,970,2025-06-24,pédiatre
3105,2473,2025-09-20,généraliste
3106,1179,2025-06-15,généraliste
3107,852,2019-05-30,généraliste
3108,117,2023-01-05,pédiatre
3109,1091,2025-10-10,pédiatre
3110,1123,2025-04-09,généraliste
3111,472,2022-12-16,urgences
3112,1712,2024-03-09,pédiatre
3113,760,2025-07-01,pédiatre
3114,134,2025-10-08,généraliste
3115,1322,2022-04-04,généraliste
3116,387,2024-05-18,pneumologue
3117,2018,2021-03-18,pédiatre
3118,1643,2023-08-16,pédiatre
3119,193,2023-12-20,pédiatre
3120,2408,2023-10-30,généraliste
3121,1271,2019-01-31,pédiatre
3122,622,2023-11-03,pédiatre
3123,1848,2024-01-07,urgences
3124,280,2025-09-08,urgences
3125,815,2019-07-13,pédiatre
3126,1344,2020-10-04,généraliste
3127,2437,2019-06-25,urgences
3128,1416,2025-10-07,urgences
3129,2443,2019-11-15,pédiatre
3130,610,2025-04-28,pédiatre
3131,1262,2021-07-15,pédiatre
3132,2452,2022-05-06,urgences
3133,1261,2020-10-04,pédiatre
3134,760,2024-09-30,urgences
3135,772,2021-12-31,pédiatre
3136,162,2020-11-03,pédiatre
3137,2489,2020-06-26,généraliste
3138,614,2024-08-12,généraliste
3139,463,2025-03-02,pédiatre
3140,1130,2021-01-06,généraliste
3141,2144,2021-10-18,généraliste
3142,1359,2020-03-12,pédiatre
3143,965,2025-09-26,pédiatre
3144,1849,2023-10-09,urgences
3145,574,2022-09-05,pédiatre
3146,720,2020-10-02,généraliste
3147,2158,2020-08-13,généraliste
3148,1715,2024-10-29,généraliste
3149,234,2019-01-20,pédiatre
3150,1149,2019-03-23,pédiatre
3151,1826,2025-06-12,pédiatre
3152,783,2025-10-08,généraliste
3153,1965,2021-09-16,urgences
3154,1075,2021-02-11,urgences
3155,1572,2023-11-16,urgences
3156,284,2023-05-28,généraliste
3157,1630,2019-11-30,pédiatre
3158,2172,2025-08-14,pédiatre
3159,217,2021-02-07,généraliste
3160,253,2021-02-17,pédiatre
3161,430,2024-01-04,urgences
3162,1706,2020-02-19,pédiatre
3163,2336,2023-03-19,pédiatre
3164,760,2024-09-13,urgences
3165,1989,2025-11-22,pneumologue
3166,1629,2024-01-07,pédiatre
3167,501,2022-09-25,généraliste
3168,778,2022-07-31,pédiatre
3169,1187,2024-11-27,généraliste
3170,247,2025-03-05,urgences
3171,2407,2024-07-07,pédiatre
3172,2068,2025-01-20,généraliste
3173,1854,2025-09-24,urgences
3174,965,2020-03-16,pédiatre
3175,1819,2023-05-05,pédiatre
3176,481,2025-08-03,urgences
3177,739,2024-04-13,généraliste
3178,2301,2025-05-20,urgences
3179,1770,2025-02-22,généraliste
3180,1794,2024-12-09,urgences
3181,1997,2020-07-03,généraliste
3182,1687,2023-05-07,généraliste
3183,1962,2025-08-17,urgences
3184,1478,2025-11-24,urgences
3185,322,2020-12-16,urgences
3186,29,2023-08-31,généraliste
3187,1947,2023-08-24,généraliste
3188,1533,2023-09-11,urgences
3189,1407,2019-06-23,urgences
3190,2076,2024-04-11,pédiatre
3191,1493,2024-10-09,généraliste
3192,1962,2024-06-16,pneumologue
3193,943,2021-11-09,pédiatre
3194,1389,2022-08-14,généraliste
3195,1823,2021-05-23,pédiatre
3196,634,2019-06-07,généraliste
3197,818,2020-07-25,généraliste
3198,1945,2019-07-30,pédiatre
3199,611,2025-12-14,pédiatre
3200,409,2023-06-22,généraliste
3201,2053,2024-05-26,pneumologue
3202,1418,2022-08-14,généraliste
3203,748,2022-09-21,généraliste
3204,1645,2024-04-17,urgences
3205,118,2023-07-19,pédiatre
3206,2179,2021-07-23,généraliste
3207,520,2024-08-20,urgences
3208,2052,2023-05-01,urgences
3209,226,2024-02-02,pédiatre
3210,509,2024-02-18,urgences
3211,2187,2023-09-19,pédiatre
3212,1714,2022-05-19,urgences
3213,32,2025-12-25,généraliste
3214,1321,2024-12-27,généraliste
3215,1569,2024-09-06,généraliste
3216,2120,2025-07-10,urgences
3217,1439,2023-03-01,pédiatre
3218,107,2023-09-07,urgences
3219,584,2023-09-24,urgences
3220,1354,2025-03-07,généraliste
3221,2145,2024-10-18,pédiatre
3222,670,2024-04-27,pédiatre
3223,803,2022-11-08,généraliste
3224,2309,2022-10-20,urgences
3225,1956,2024-11-26,pneumologue
3226,1905,2024-05-15,urgences
3227,326,2023-09-13,urgences
3228,890,2020-11-26,généraliste
3229,1447,2019-12-14,urgences
3230,1679,2023-05-07,pédiatre
3231,168,2022-01-05,urgences
3232,1852,2025-02-04,généraliste
3233,2077,2019-10-28,généraliste
3234,1515,2024-07-27,généraliste
3235,793,2021-08-21,urgences
3236,295,2024-11-15,urgences
3237,2259,2025-05-21,urgences
3238,538,2024-03-17,urgences
3239,537,2023-02-08,pédiatre
3240,568,2025-04-07,pédiatre
3241,1062,2024-11-10,généraliste
3242,221,2021-05-08,urgences
3243,2311,2025-09-04,généraliste
3244,963,2022-07-23,urgences
3245,1207,2023-05-10,généraliste
3246,2360,2025-08-29,généraliste
3247,1698,2025-11-05,urgences
3248,1580,2024-09-06,urgences
3249,1364,2022-09-08,urgences
3250,1392,2025-11-15,pédiatre
3251,1775,2021-10-25,pédiatre
3252,220,2020-07-19,pédiatre
3253,293,2021-06-10,pédiatre
3254,1150,2024-08-07,pédiatre
3255,7,2025-03-16,généraliste
3256,1223,2022-02-06,pédiatre
3257,1044,2024-10-09,généraliste
3258,255,2024-10-23,urgences
3259,1446,2024-05-18,pédiatre
3260,120,2025-09-05,pédiatre
3261,771,2023-12-03,pneumologue
3262,990,2024-11-17,pédiatre
3263,890,2020-04-01,urgences
3264,1266,2020-01-16,urgences
3265,794,2019-09-16,généraliste
3266,2123,2024-11-05,généraliste
3267,331,2023-11-29,généraliste
3268,2199,2025-02-11,urgences
3269,1655,2022-06-13,généraliste
3270,2081,2024-01-07,généraliste
3271,1741,2023-01-30,urgences
3272,201,2025-02-15,pneumologue
3273,1790,2019-05-11,pédiatre
3274,67,2023-03-12,pneumologue
3275,970,2025-10-21,pédiatre
3276,1209,2024-11-13,généraliste
3277,977,2024-09-25,généraliste
3278,464,2025-10-29,pneumologue
3279,427,2025-08-03,urgences
3280,1490,2025-05-31,urgences
3281,1677,2020-12-17,pédiatre
3282,1035,2024-01-25,pédiatre
3283,846,2024-12-14,généraliste
3284,2188,2022-08-18,urgences
3285,704,2025-06-24,pédiatre
3286,1579,2024-10-06,généraliste
3287,404,2025-01-30,pédiatre
3288,1257,2024-02-23,généraliste
3289,1323,2025-12-09,pédiatre
3290,2398,2023-11-08,urgences
3291,2330,2022-08-29,urgences
3292,1518,2021-02-27,pédiatre
3293,68,2020-01-17,pédiatre
3294,1697,2023-06-10,généraliste
3295,2026,2025-09-25,urgences
3296,993,2022-09-16,pédiatre
3297,1694,2022-07-13,urgences
3298,1507,2020-01-20,généraliste
3299,658,2022-09-11,pneumologue
3300,1324,2025-03-05,généraliste
3301,1881,2021-10-28,pédiatre
3302,463,2025-01-29,urgences
3303,2124,2022-03-03,pneumologue
3304,1313,2025-12-14,généraliste
3305,408,2021-05-15,généraliste
3306,368,2023-07-23,urgences
3307,1202,2025-03-18,urgences
3308,1623,2024-05-31,généraliste
3309,1866,2025-01-25,pneumologue
3310,102,2024-09-19,pédiatre
3311,794,2023-09-05,généraliste
3312,1456,2023-02-19,généraliste
3313,134,2024-02-05,pédiatre
3314,1879,2022-07-17,pédiatre
3315,824,2023-08-01,généraliste
3316,213,2023-03-31,pédiatre
3317,1844,2021-10-07,généraliste
3318,1715,2019-04-10,urgences
3319,1920,2025-10-31,pédiatre
3320,746,2022-12-06,généraliste
3321,1866,2025-01-30,pneumologue
3322,2344,2022-12-12,pédiatre
3323,1976,2025-09-04,urgences
3324,2387,2024-04-29,généraliste
3325,108,2024-05-21,généraliste
3326,765,2025-11-29,urgences
3327,2053,2025-01-10,pneumologue
3328,548,2022-05-20,urgences
3329,1199,2025-11-24,généraliste
3330,1813,2022-10-31,pédiatre
3331,1685,2024-07-24,pédiatre
3332,458,2024-01-23,généraliste
3333,1766,2025-10-01,généraliste
3334,729,2024-02-03,urgences
3335,1283,2024-03-15,pédiatre
3336,1201,2023-09-22,généraliste
3337,531,2025-10-06,urgences
3338,1675,2025-03-18,pédiatre
3339,824,2023-01-27,urgences
3340,1242,2024-07-29,pédiatre
3341,1643,2024-12-06,urgences
3342,1376,2023-12-07,pédiatre
3343,481,2021-08-10,urgences
3344,1943,2023-03-17,pédiatre
3345,2214,2023-03-01,pédiatre
3346,2355,2020-04-18,urgences
3347,247,2021-05-28,urgences
3348,122,2023-03-27,pédiatre
3349,1866,2021-12-21,pneumologue
3350,2189,2024-04-20,pédiatre
3351,673,2019-02-23,urgences
3352,321,2022-05-30,urgences
3353,868,2022-12-14,urgences
3354,2320,2024-11-04,généraliste
3355,1027,2025-10-30,urgences
3356,2358,2024-06-21,urgences
3357,2002,2023-10-13,urgences
3358,478,2025-11-04,pédiatre
3359,78,2025-11-02,urgences
3360,2243,2019-07-31,pédiatre
3361,874,2022-06-21,urgences
3362,1624,2025-08-08,urgences
3363,2081,2024-02-04,généraliste
3364,379,2020-02-21,urgences
3365,447,2022-05-26,urgences
3366,2092,2022-04-18,pneumologue
3367,1712,2025-11-01,urgences
3368,1491,2024-05-15,urgences
3369,1063,2024-01-22,pédiatre
3370,1934,2021-02-06,généraliste
3371,1872,2023-03-31,généraliste
3372,505,2024-02-17,pédiatre
3373,645,2024-09-17,généraliste
3374,205,2025-02-08,généraliste
3375,931,2022-03-16,urgences
3376,205,2024-11-22,pneumologue
3377,1263,2022-04-21,généraliste
3378,2083,2025-09-28,pneumologue
3379,2117,2020-10-26,pédiatre
3380,1540,2024-12-05,généraliste
3381,870,2024-01-15,pédiatre
3382,1284,2025-10-11,pédiatre
3383,1471,2021-05-02,généraliste
3384,168,2019-09-19,pédiatre
3385,259,2025-09-18,pédiatre
3386,1139,2025-12-30,urgences
3387,351,2023-07-24,généraliste
3388,1867,2019-06-16,pédiatre
3389,119,2024-11-15,pédiatre
3390,1828,2024-02-20,urgences
3391,2193,2019-01-15,généraliste
3392,1052,2019-07-27,généraliste
3393,1428,2024-06-08,urgences
3394,790,2024-03-14,pédiatre
3395,1569,2025-12-01,pédiatre
3396,1918,2022-08-14,urgences
3397,2454,2024-09-14,généraliste
3398,1326,2020-01-03,pédiatre
3399,1964,2023-11-25,généraliste
3400,254,2025-10-07,pneumologue
3401,559,2025-11-10,pédiatre
3402,2490,2025-12-29,urgences
3403,2446,2025-11-21,urgences
3404,1470,2024-12-11,urgences
3405,2390,2022-08-06,pédiatre
3406,1502,2024-07-06,pédiatre
3407,553,2020-11-02,pédiatre
3408,204,2020-07-02,pédiatre
3409,2323,2024-12-04,urgences
3410,945,2024-10-28,pédiatre
3411,366,2024-04-19,généraliste
3412,1464,2022-02-09,généraliste
3413,871,2023-06-15,généraliste
3414,2127,2020-08-25,généraliste
3415,169,2020-09-30,généraliste
3416,497,2022-08-12,généraliste
3417,2009,2019-03-18,généraliste
3418,1427,2023-06-10,pneumologue
3419,447,2019-03-23,pédiatre
3420,1181,2024-08-08,pédiatre
3421,1035,2024-06-12,urgences
3422,1988,2023-03-09,urgences
3423,23,2023-12-07,urgences
3424,1968,2023-10-04,généraliste
3425,68,2021-11-10,pédiatre
3426,955,2025-08-28,pédiatre
3427,1044,2019-10-17,généraliste
3428,604,2024-05-06,pédiatre
3429,1331,2019-11-08,urgences
3430,1282,2020-01-17,pédiatre
3431,843,2025-12-15,pédiatre
3432,1251,2025-08-24,urgences
3433,574,2022-05-13,urgences
3434,899,2021-03-06,pédiatre
3435,2128,2023-12-26,généraliste
3436,30,2021-06-17,pédiatre
3437,2029,2025-04-14,pédiatre
3438,1290,2025-06-16,pédiatre
3439,2034,2024-03-16,généraliste
3440,471,2021-04-25,généraliste
3441,754,2020-08-20,urgences
3442,716,2025-07-10,pédiatre
3443,1636,2020-04-21,généraliste
3444,1355,2021-06-13,généraliste
3445,2291,2025-01-22,pneumologue
3446,1705,2024-01-31,urgences
3447,937,2022-02-14,urgences
3448,1869,2024-07-22,généraliste
3449,1876,2024-05-27,pédiatre
3450,1258,2025-08-20,généraliste
3451,1693,2022-05-29,urgences
3452,898,2025-03-08,urgences
3453,1448,2025-09-22,pédiatre
3454,539,2022-10-17,généraliste
3455,1195,2021-08-11,urgences
3456,34,2025-08-22,urgences
3457,2016,2021-02-28,urgences
3458,846,2024-10-19,urgences
3459,163,2020-05-19,urgences
3460,236,2025-05-06,urgences
3461,1145,2025-01-10,pneumologue
3462,652,2025-12-05,pneumologue
3463,1808,2022-03-14,urgences
3464,448,2022-03-01,urgences
3465,1853,2024-10-19,urgences
3466,857,2022-12-17,généraliste
3467,2475,2022-06-09,urgences
3468,1675,2025-12-21,généraliste
3469,270,2020-01-10,urgences
3470,1014,2024-06-30,pédiatre
3471,142,2021-05-08,pédiatre
3472,1076,2020-04-26,généraliste
3473,471,2021-04-22,pédiatre
3474,929,2020-08-07,urgences
3475,2381,2023-05-06,généraliste
3476,2359,2021-03-09,pédiatre
3477,1639,2023-06-25,pédiatre
3478,1853,2025-08-09,généraliste
3479,648,2019-04-16,pédiatre
3480,303,2022-05-19,urgences
3481,1976,2025-12-08,pédiatre
3482,1721,2025-08-25,généraliste
3483,785,2025-05-12,pédiatre
3484,814,2024-10-26,pédiatre
3485,460,2023-09-29,urgences
3486,769,2024-08-14,généraliste
3487,1783,2024-05-22,urgences
3488,1025,2025-02-11,urgences
3489,1965,2025-11-08,généraliste
3490,656,2025-01-02,généraliste
3491,1685,2021-05-05,urgences
3492,1237,2024-09-25,urgences
3493,936,2021-06-03,pédiatre
3494,2230,2025-12-15,généraliste
3495,197,2023-08-12,urgences
3496,2092,2021-09-10,urgences
3497,514,2025-10-24,urgences
3498,1110,2020-01-11,urgences
3499,539,2021-04-14,pneumologue
3500,1573,2021-05-31,urgences
3501,1105,2022-01-01,généraliste
3502,1203,2021-04-05,pédiatre
3503,1355,2024-03-29,pédiatre
3504,1260,2020-12-04,urgences
3505,288,2025-09-04,généraliste
3506,1461,2022-01-09,pédiatre
3507,1917,2024-11-28,pédiatre
3508,519,2024-08-09,pneumologue
3509,243,2025-08-09,urgences
3510,1373,2021-10-25,urgences
3511,41,2022-01-10,pédiatre
3512,636,2020-08-09,généraliste
3513,1246,2025-01-19,urgences
3514,1319,2023-02-24,urgences
3515,1834,2023-04-10,généraliste
3516,2178,2024-12-08,généraliste
3517,1562,2025-02-19,pneumologue
3518,19,2025-07-13,urgences
3519,993,2023-01-22,pédiatre
3520,747,2023-07-28,urgences
3521,462,2020-11-16,urgences
3522,775,2024-04-10,généraliste
3523,2179,2025-12-20,urgences
3524,2312,2024-02-13,urgences
3525,2464,2024-11-12,généraliste
3526,1736,2024-06-28,urgences
3527,1484,2019-05-21,urgences
3528,164,2019-08-12,généraliste
3529,918,2022-04-05,généraliste
3530,1064,2022-08-28,pédiatre
3531,57,2020-12-18,généraliste
3532,30,2021-06-22,pédiatre
3533,2251,2025-10-23,urgences
3534,1083,2022-05-22,pédiatre
3535,1074,2023-06-02,généraliste
3536,1793,2025-04-25,urgences
3537,416,2025-12-01,pédiatre
3538,1650,2023-01-15,généraliste
3539,552,2020-01-10,généraliste
3540,27,2025-09-04,pédiatre
3541,2274,2020-01-06,généraliste
3542,2199,2024-07-28,urgences
3543,588,2019-07-16,pédiatre
3544,1522,2023-09-18,urgences
3545,431,2025-03-23,pédiatre
3546,1096,2019-07-06,urgences
3547,1258,2025-09-09,pédiatre
3548,466,2020-07-23,urgences
3549,437,2022-10-04,urgences
3550,956,2023-07-17,généraliste
3551,2289,2025-11-28,urgences
3552,653,2024-12-16,urgences
3553,721,2024-11-15,pédiatre
3554,1428,2022-08-09,pneumologue
3555,392,2020-07-29,généraliste
3556,127,2025-06-27,pneumologue
3557,725,2024-06-17,généraliste
3558,1373,2022-08-11,pédiatre
3559,2012,2025-12-02,pédiatre
3560,1848,2021-03-20,urgences
3561,2253,2024-07-23,généraliste
3562,1848,2022-06-21,pédiatre
3563,2012,2025-06-17,pneumologue
3564,903,2024-01-14,pédiatre
3565,2401,2019-11-21,généraliste
3566,821,2024-07-05,généraliste
3567,224,2023-08-19,pneumologue
3568,1588,2024-05-15,pédiatre
3569,56,2025-08-04,généraliste
3570,1502,2025-03-14,pédiatre
3571,749,2025-11-05,généraliste
3572,1397,2019-04-28,généraliste
3573,1834,2019-05-16,pédiatre
3574,1831,2022-03-19,urgences
3575,665,2023-05-25,urgences
3576,1938,2024-08-09,urgences
3577,2107,2024-08-05,pédiatre
3578,492,2020-10-29,pédiatre
3579,496,2022-12-29,pneumologue
3580,1153,2025-10-25,généraliste
3581,1157,2025-01-13,pédiatre
3582,590,2021-05-20,généraliste
3583,924,2020-08-31,généraliste
3584,1145,2024-12-03,généraliste
3585,2330,2022-03-11,pédiatre
3586,1305,2020-04-05,urgences
3587,968,2021-12-24,pédiatre
3588,1114,2025-05-21,urgences
3589,2067,2023-03-25,urgences
3590,181,2025-01-16,pneumologue
3591,1983,2025-09-05,urgences
3592,2450,2019-05-29,urgences
3593,1546,2023-02-28,généraliste
3594,2229,2023-07-13,généraliste
3595,457,2022-09-08,généraliste
3596,560,2024-01-07,généraliste
3597,101,2025-08-27,généraliste
3598,2038,2019-09-05,urgences
3599,1355,2019-11-05,pédiatre
3600,965,2022-08-01,pédiatre
3601,886,2024-07-14,urgences
3602,368,2021-08-06,urgences
3603,505,2025-01-12,généraliste
3604,627,2025-02-04,généraliste
3605,81,2023-11-29,pédiatre
3606,1786,2023-08-09,urgences
3607,615,2022-03-17,généraliste
3608,270,2025-12-08,pédiatre
3609,1383,2024-06-23,généraliste
3610,2260,2019-09-22,généraliste
3611,2104,2021-06-14,urgences
3612,2330,2019-01-30,urgences
3613,985,2025-12-09,pneumologue
3614,1181,2025-01-02,urgences
3615,168,2022-01-19,urgences
3616,1562,2024-02-20,pneumologue
3617,161,2023-09-26,urgences
3618,1450,2025-11-21,urgences
3619,1405,2025-05-04,pédiatre
3620,1478,2019-03-07,généraliste
3621,91,2025-12-19,généraliste
3622,1547,2025-10-22,urgences
3623,1054,2025-08-13,urgences
3624,198,2022-02-06,urgences
3625,1184,2024-08-02,généraliste
3626,2448,2025-04-25,pédiatre
3627,1637,2024-09-03,pédiatre
3628,1496,2025-11-12,urgences
3629,682,2025-04-05,pédiatre
3630,1585,2024-01-16,urgences
3631,199,2025-10-14,pédiatre
3632,2459,2022-04-26,généraliste
3633,377,2023-08-01,pneumologue
3634,576,2019-02-11,généraliste
3635,1829,2019-07-11,généraliste
3636,1140,2022-04-07,généraliste
3637,91,2025-07-12,pédiatre
3638,132,2021-08-05,généraliste
3639,1251,2024-10-01,pédiatre
3640,1120,2023-11-24,généraliste
3641,2194,2025-09-12,urgences
3642,555,2024-08-17,pédiatre
3643,456,2022-11-09,généraliste
3644,759,2025-11-14,urgences
3645,205,2025-01-09,généraliste
3646,966,2022-06-02,urgences
3647,196,2021-11-25,urgences
3648,1244,2023-02-23,pédiatre
3649,2138,2025-01-08,pneumologue
3650,1801,2021-04-27,généraliste
3651,2161,2022-06-17,urgences
3652,1487,2021-08-19,généraliste
3653,2208,2024-08-23,urgences
3654,1917,2025-06-27,généraliste
3655,673,2022-01-23,généraliste
3656,665,2023-08-30,pneumologue
3657,100,2023-04-11,pneumologue
3658,2109,2022-01-21,urgences
3659,2405,2023-12-29,généraliste
3660,1518,2022-01-01,pédiatre
3661,996,2024-01-27,urgences
3662,857,2023-09-17,urgences
3663,1499,2025-10-13,urgences
3664,1771,2025-06-05,généraliste
3665,13,2025-08-24,généraliste
3666,449,2021-11-01,urgences
3667,912,2025-06-20,pédiatre
3668,362,2024-07-01,pédiatre
3669,2168,2019-12-14,pédiatre
3670,1963,2022-05-13,généraliste
3671,1038,2020-10-28,généraliste
3672,2155,2024-12-10,pneumologue
3673,1695,2022-06-08,pédiatre
3674,2481,2024-05-19,généraliste
3675,2269,2020-01-05,pédiatre
3676,924,2023-10-28,généraliste
3677,1801,2022-08-07,pédiatre
3678,2269,2020-09-12,urgences
3679,1046,2019-06-09,urgences
3680,2049,2020-06-22,généraliste
3681,933,2021-05-10,pédiatre
3682,871,2025-01-01,urgences
3683,1555,2023-12-31,généraliste
3684,357,2025-01-29,généraliste
3685,229,2025-01-11,urgences
3686,14,2025-04-15,généraliste
3687,1805,2019-08-13,pédiatre
3688,2171,2019-03-04,généraliste
3689,985,2023-07-12,pédiatre
3690,526,2024-07-16,pneumologue
3691,1783,2023-10-17,urgences
3692,1963,2022-04-27,pédiatre
3693,702,2020-03-08,urgences
3694,186,2024-09-27,pneumologue
3695,2312,2025-12-14,urgences
3696,972,2025-07-12,pédiatre
3697,2014,2019-12-11,urgences
3698,560,2025-10-29,urgences
3699,2479,2024-09-05,pédiatre
3700,288,2025-06-28,pneumologue
3701,1828,2023-04-15,pédiatre
3702,855,2020-08-19,urgences
3703,53,2024-06-23,pédiatre
3704,1803,2021-02-17,généraliste
3705,666,2020-01-23,généraliste
3706,1694,2025-04-22,urgences
3707,1964,2025-07-09,urgences
3708,1216,2023-09-25,pneumologue
3709,1114,2024-10-02,généraliste
3710,739,2025-09-30,pédiatre
3711,739,2025-08-03,pédiatre
3712,1017,2025-04-11,pédiatre
3713,2447,2024-10-17,pédiatre
3714,482,2025-04-21,généraliste
3715,2475,2023-03-12,pédiatre
3716,691,2023-10-10,pédiatre
3717,1840,2024-10-07,pédiatre
3718,57,2025-07-16,généraliste
3719,1101,2021-01-24,généraliste
3720,1169,2021-03-10,généraliste
3721,756,2025-05-15,généraliste
3722,541,2021-04-24,pédiatre
3723,346,2020-08-16,généraliste
3724,1269,2025-02-16,urgences
3725,1558,2024-06-03,urgences
3726,832,2024-04-08,urgences
3727,937,2024-10-23,urgences
3728,2014,2025-06-08,généraliste
3729,1613,2021-03-21,pédiatre
3730,1798,2023-09-22,pédiatre
3731,92,2020-07-06,généraliste
3732,430,2025-11-07,urgences
3733,1128,2025-03-17,urgences
3734,2478,2019-11-29,généraliste
3735,1844,2025-04-10,urgences
3736,994,2024-07-11,urgences
3737,2087,2025-12-03,urgences
3738,2191,2021-01-02,urgences
3739,1730,2024-04-22,pneumologue
3740,1921,2025-08-04,pédiatre
3741,1096,2021-02-06,pédiatre
3742,1490,2024-10-29,généraliste
3743,1797,2024-10-02,pneumologue
3744,2392,2025-01-14,généraliste
3745,271,2023-03-28,pédiatre
3746,1804,2023-05-20,pédiatre
3747,1578,2024-02-14,pédiatre
3748,148,2023-07-18,urgences
3749,340,2025-12-25,généraliste
3750,1123,2023-01-11,généraliste
3751,360,2024-05-15,généraliste
3752,411,2021-02-02,pédiatre
3753,1540,2025-11-06,généraliste
3754,1412,2023-10-20,généraliste
3755,2406,2025-05-15,généraliste
3756,1522,2021-11-29,pédiatre
3757,472,2024-06-16,urgences
3758,188,2025-05-28,urgences
3759,797,2022-12-29,urgences
3760,125,2025-06-13,urgences
3761,948,2021-07-06,urgences
3762,1124,2023-09-17,généraliste
3763,2141,2025-04-26,généraliste
3764,1144,2024-12-14,pédiatre
3765,2057,2024-07-25,généraliste
3766,2138,2025-09-20,pneumologue
3767,451,2020-12-17,urgences
3768,688,2025-07-23,pédiatre
3769,767,2024-06-15,urgences
3770,1748,2020-09-22,généraliste
3771,1090,2024-10-27,urgences
3772,1941,2025-03-26,généraliste
3773,1532,2020-02-22,généraliste
3774,1353,2024-06-02,pédiatre
3775,1979,2025-02-11,généraliste
3776,2396,2025-10-13,pneumologue
3777,1041,2023-03-09,généraliste
3778,1597,2019-12-30,pédiatre
3779,2104,2021-09-03,pédiatre
3780,596,2023-05-31,pédiatre
3781,1284,2021-01-07,urgences
3782,1968,2023-05-15,pédiatre
3783,1105,2019-11-14,urgences
3784,2169,2023-11-16,pédiatre
3785,374,2022-12-10,généraliste
3786,566,2024-06-14,généraliste
3787,1828,2025-11-25,généraliste
3788,1524,2024-04-06,pédiatre
3789,170,2022-08-03,pédiatre
3790,2105,2023-12-11,pneumologue
3791,1897,2025-06-13,urgences
3792,2105,2024-08-31,généraliste
3793,1464,2025-12-15,généraliste
3794,1627,2025-05-27,pédiatre
3795,2327,2019-09-21,généraliste
3796,2153,2022-06-22,urgences
3797,1189,2024-11-11,généraliste
3798,1125,2023-10-15,généraliste
3799,191,2023-04-18,urgences
3800,389,2025-07-02,pédiatre
3801,2401,2024-09-05,pédiatre
3802,1040,2024-06-11,urgences
3803,1875,2022-03-26,urgences
3804,1405,2023-10-30,urgences
3805,69,2025-06-12,généraliste
3806,1120,2023-07-27,pédiatre
3807,1846,2023-05-19,urgences
3808,62,2024-03-16,urgences
3809,586,2024-06-14,généraliste
3810,980,2020-02-16,généraliste
3811,2242,2023-09-17,généraliste
3812,571,2025-04-09,généraliste
3813,1013,2025-11-12,pédiatre
3814,1186,2025-08-02,pédiatre
3815,2013,2025-03-18,pédiatre
3816,1637,2024-03-04,pédiatre
3817,972,2024-01-05,urgences
3818,1812,2023-04-11,généraliste
3819,539,2022-11-01,pédiatre
3820,729,2025-06-14,pédiatre
3821,1626,2019-06-01,pédiatre
3822,2445,2024-03-28,pédiatre
3823,1291,2020-11-14,urgences
3824,2084,2020-10-07,pédiatre
3825,1335,2021-01-06,généraliste
3826,1596,2024-07-18,urgences
3827,1068,2023-06-29,pneumologue
3828,2291,2025-02-07,généraliste
3829,1805,2021-02-08,urgences
3830,2350,2021-05-15,généraliste
3831,183,2020-03-15,pneumologue
3832,318,2022-12-26,généraliste
3833,1457,2023-12-13,urgences
3834,556,2022-07-06,urgences
3835,451,2020-10-28,urgences
3836,821,2021-11-13,urgences
3837,1220,2023-12-16,urgences
3838,1639,2024-09-29,pédiatre
3839,574,2024-06-06,pédiatre
3840,1804,2024-07-24,pédiatre
3841,1735,2024-11-05,pédiatre
3842,975,2021-06-01,généraliste
3843,677,2022-01-26,urgences
3844,1038,2025-08-22,pédiatre
3845,702,2022-08-01,pédiatre
3846,1734,2022-04-23,urgences
3847,1395,2019-12-04,urgences
3848,1503,2021-07-19,urgences
3849,2035,2022-06-07,pédiatre
3850,184,2023-11-14,généraliste
3851,187,2024-04-03,urgences
3852,524,2020-11-21,urgences
3853,2426,2021-05-22,urgences
3854,1038,2021-12-26,généraliste
3855,1360,2025-08-25,pédiatre
3856,769,2025-08-18,urgences
3857,2182,2023-07-21,pédiatre
3858,2252,2023-03-14,généraliste
3859,238,2024-08-28,généraliste
3860,310,2022-11-28,urgences
3861,1352,2025-04-06,pédiatre
3862,55,2024-04-21,urgences
3863,932,2025-01-02,urgences
3864,567,2019-08-10,généraliste
3865,37,2019-04-28,pédiatre
3866,2206,2021-11-09,généraliste
3867,1514,2024-09-02,pédiatre
3868,1006,2023-04-28,pneumologue
3869,1695,2023-06-21,urgences
3870,1906,2023-04-17,généraliste
3871,895,2022-06-08,urgences
3872,2354,2021-10-15,pédiatre
3873,295,2020-05-21,généraliste
3874,2430,2020-09-22,pédiatre
3875,1318,2023-12-25,pédiatre
3876,1603,2021-05-11,urgences
3877,486,2023-08-07,urgences
3878,595,2019-07-24,urgences
3879,1690,2025-07-18,urgences
3880,32,2025-10-29,généraliste
3881,460,2025-09-17,généraliste
3882,1572,2025-03-09,urgences
3883,2192,2025-11-26,urgences
3884,2214,2021-12-05,pédiatre
3885,1505,2024-03-29,généraliste
3886,669,2020-07-15,urgences
3887,541,2023-04-14,urgences
3888,421,2024-10-10,généraliste
3889,2146,2024-05-21,pédiatre
3890,141,2024-06-13,pneumologue
3891,1219,2024-01-30,généraliste
3892,534,2025-03-04,pédiatre
3893,1830,2020-09-25,urgences
3894,2231,2022-03-19,urgences
3895,136,2025-01-23,pédiatre
3896,1365,2024-09-05,pédiatre
3897,2406,2025-10-10,généraliste
3898,2257,2025-04-14,généraliste
3899,2368,2023-01-16,généraliste
3900,1054,2019-09-27,généraliste
3901,267,2020-01-20,urgences
3902,2414,2023-12-22,urgences
3903,464,2025-12-28,pneumologue
3904,2352,2024-06-03,urgences
3905,2253,2025-09-18,pneumologue
3906,1634,2024-04-08,pédiatre
3907,322,2020-06-26,urgences
3908,1809,2022-08-24,urgences
3909,836,2022-01-13,urgences
3910,1515,2025-11-01,urgences
3911,1211,2023-08-19,pédiatre
3912,1743,2019-01-11,pédiatre
3913,1128,2020-09-12,pédiatre
3914,1990,2022-06-12,pédiatre
3915,38,2025-03-26,généraliste
3916,2187,2023-10-19,pédiatre
3917,763,2023-12-16,pédiatre
3918,1654,2025-07-09,pneumologue
3919,892,2019-03-12,généraliste
3920,1539,2023-06-27,urgences
3921,1911,2024-09-28,urgences
3922,2454,2025-07-07,pneumologue
3923,1528,2025-09-16,généraliste
3924,2049,2021-01-07,généraliste
3925,1251,2024-12-02,pneumologue
3926,1607,2023-11-13,généraliste
3927,287,2020-07-16,généraliste
3928,1014,2023-10-02,pédiatre
3929,2124,2024-07-02,pneumologue
3930,276,2019-07-21,pédiatre
3931,1705,2023-05-09,urgences
3932,239,2021-09-25,généraliste
3933,1797,2022-05-31,pneumologue
3934,392,2023-01-28,urgences
3935,1273,2025-08-13,pédiatre
3936,2295,2024-08-23,pédiatre
3937,2162,2025-10-25,pneumologue
3938,2172,2025-08-21,pédiatre
3939,1976,2025-02-06,généraliste
3940,1114,2024-12-03,pédiatre
3941,1172,2025-07-10,pneumologue
3942,2253,2025-05-23,généraliste
3943,2473,2024-12-25,généraliste
3944,759,2023-03-09,pédiatre
3945,1515,2024-09-09,généraliste
3946,1167,2022-10-12,pneumologue
3947,1018,2024-04-27,urgences
3948,436,2023-07-07,généraliste
3949,646,2024-09-12,pédiatre
3950,1311,2022-01-19,urgences
3951,449,2019-04-05,urgences
3952,48,2022-01-08,urgences
3953,388,2021-05-09,pédiatre
3954,818,2020-10-15,urgences
3955,1293,2019-04-02,pédiatre
3956,1854,2025-01-03,pneumologue
3957,2024,2019-09-03,généraliste
3958,2327,2020-07-10,urgences
3959,2499,2025-09-21,urgences
3960,199,2025-11-09,généraliste
3961,2414,2025-01-14,urgences
3962,2157,2024-05-27,urgences
3963,2496,2025-07-17,pneumologue
3964,1868,2024-12-25,pédiatre
3965,1490,2025-05-03,pédiatre
3966,438,2025-11-21,pédiatre
3967,2475,2024-12-19,urgences
3968,650,2024-11-05,pédiatre
3969,1853,2024-02-28,pneumologue
3970,1667,2022-10-26,généraliste
3971,1968,2025-02-09,pédiatre
3972,260,2021-01-23,généraliste
3973,651,2024-07-27,pédiatre
3974,60,2025-05-16,généraliste
3975,40,2025-03-04,pédiatre
3976,2268,2025-03-31,pédiatre
3977,189,2021-04-07,urgences
3978,500,2025-07-13,urgences
3979,2281,2025-10-28,pneumologue
3980,1062,2024-07-28,généraliste
3981,1809,2023-03-12,urgences
3982,463,2025-08-14,urgences
3983,1724,2023-10-27,généraliste
3984,2105,2024-05-17,pédiatre
3985,1850,2023-12-10,urgences
3986,2425,2020-06-02,pédiatre
3987,584,2023-11-18,pédiatre
3988,1692,2025-06-08,pédiatre
3989,814,2025-02-17,généraliste
3990,122,2025-01-17,généraliste
3991,771,2023-09-02,pédiatre
3992,1402,2024-12-24,urgences
3993,937,2024-01-13,pneumologue
3994,1703,2025-07-26,urgences
3995,1297,2021-08-17,généraliste
3996,1146,2023-03-31,pédiatre
3997,179,2025-06-23,pédiatre
3998,382,2019-11-10,urgences
3999,421,2024-06-25,pneumologue
4000,1897,2025-08-20,urgences
4001,524,2024-11-14,généraliste
4002,48,2019-06-14,généraliste
4003,1426,2024-09-20,pédiatre
4004,1694,2019-12-18,urgences
4005,2170,2023-11-25,pédiatre
4006,317,2019-12-13,généraliste
4007,472,2019-09-16,urgences
4008,2489,2023-01-31,pédiatre
4009,86,2024-12-13,pneumologue
4010,300,2025-12-11,pédiatre
4011,1955,2022-03-01,généraliste
4012,1114,2023-12-13,urgences
4013,202,2020-10-20,pneumologue
4014,28,2025-11-10,pédiatre
4015,1215,2022-09-02,pédiatre
4016,2225,2021-09-23,urgences
4017,1991,2022-09-12,généraliste
4018,832,2024-06-20,pédiatre
4019,573,2020-06-16,généraliste
4020,178,2023-05-13,pneumologue
4021,1797,2024-12-15,pneumologue
4022,1570,2024-07-28,pédiatre
4023,2277,2022-12-16,généraliste
4024,293,2025-05-16,généraliste
4025,840,2021-06-19,généraliste
4026,2092,2022-08-29,généraliste
4027,1759,2022-01-11,généraliste
4028,1417,2025-06-26,urgences
4029,1350,2024-04-03,généraliste
4030,2399,2023-04-26,généraliste
4031,455,2025-07-18,urgences
4032,2333,2023-06-26,pédiatre
4033,1032,2024-09-21,généraliste
4034,2289,2024-06-02,urgences
4035,357,2025-02-16,pédiatre
4036,2366,2020-04-02,pédiatre
4037,395,2025-10-13,généraliste
4038,2107,2023-01-02,pneumologue
4039,2119,2025-02-12,pédiatre
4040,1258,2025-11-02,pédiatre
4041,1419,2024-04-22,pédiatre
4042,2226,2022-04-04,urgences
4043,121,2024-08-17,urgences
4044,2181,2025-11-19,urgences
4045,956,2021-06-29,généraliste
4046,1652,2025-10-12,urgences
4047,1868,2023-12-20,pédiatre
4048,711,2024-05-28,généraliste
4049,1025,2021-07-29,pédiatre
4050,736,2023-05-16,pédiatre
4051,884,2022-05-03,généraliste
4052,2496,2022-10-29,généraliste
4053,411,2023-02-17,urgences
4054,412,2025-04-26,pédiatre
4055,1972,2023-02-22,généraliste
4056,1224,2024-12-15,généraliste
4057,144,2023-12-19,généraliste
4058,1818,2021-12-03,urgences
4059,1584,2025-07-01,généraliste
4060,1570,2023-08-22,pédiatre
4061,399,2025-05-25,généraliste
4062,1813,2020-12-19,urgences
4063,711,2020-11-23,urgences
4064,2399,2024-08-13,pédiatre
4065,201,2025-07-01,urgences
4066,726,2022-03-21,urgences
4067,125,2025-12-12,généraliste
4068,195,2023-06-14,urgences
4069,667,2022-06-06,pédiatre
4070,1915,2025-11-15,pédiatre
4071,1074,2024-03-01,généraliste
4072,1854,2025-08-09,pneumologue
4073,2003,2023-02-27,pneumologue
4074,174,2020-06-30,urgences
4075,1143,2023-07-26,généraliste
4076,285,2025-09-20,urgences
4077,2075,2023-05-05,généraliste
4078,869,2022-12-28,pédiatre
4079,120,2021-09-08,pédiatre
4080,1695,2025-01-26,pneumologue
4081,555,2021-11-22,urgences
4082,1811,2025-12-22,urgences
4083,23,2024-08-23,pédiatre
4084,2520,2020-12-28,généraliste
4085,2500,2024-06-20,généraliste
4086,234,2023-02-01,pédiatre
4087,1083,2023-06-23,urgences
4088,2048,2025-05-31,pédiatre
4089,1709,2025-10-28,pédiatre
4090,727,2025-06-12,pédiatre
4091,1359,2025-10-31,pédiatre
4092,2114,2024-11-04,généraliste
4093,939,2023-05-14,généraliste
4094,1862,2021-07-31,urgences
4095,1853,2025-11-08,urgences
4096,989,2020-04-12,urgences
4097,1064,2025-10-11,généraliste
4098,2244,2024-02-09,généraliste
4099,2017,2025-04-27,pédiatre
4100,66,2025-05-28,généraliste
4101,1929,2023-12-05,pédiatre
4102,1137,2021-02-26,généraliste
4103,771,2020-11-12,généraliste
4104,785,2025-01-26,urgences
4105,629,2024-02-02,généraliste
4106,1661,2022-01-22,pédiatre
4107,482,2025-09-20,pédiatre
4108,263,2024-12-24,urgences
4109,2371,2024-03-19,généraliste
4110,2093,2023-11-03,urgences
4111,1114,2024-06-01,pneumologue
4112,1372,2024-03-15,généraliste
4113,724,2024-05-15,généraliste
4114,231,2023-09-15,pédiatre
4115,1373,2019-03-19,pédiatre
4116,555,2024-02-04,urgences
4117,539,2022-07-14,généraliste
4118,1035,2023-12-30,urgences
4119,276,2021-05-04,urgences
4120,841,2023-07-23,généraliste
4121,663,2024-06-01,urgences
4122,980,2024-11-19,généraliste
4123,940,2024-11-24,pédiatre
4124,653,2024-06-18,généraliste
4125,1035,2023-09-09,urgences
4126,1463,2019-04-04,urgences
4127,671,2020-05-07,urgences
4128,503,2019-09-11,urgences
4129,986,2025-08-14,généraliste
4130,2065,2024-07-13,généraliste
4131,2425,2019-08-25,pédiatre
4132,2023,2019-02-26,généraliste
4133,919,2020-12-31,pédiatre
4134,1368,2025-07-19,généraliste
4135,262,2025-06-11,pneumologue
4136,255,2023-02-06,urgences
4137,1027,2024-12-24,urgences
4138,1507,2025-10-08,urgences
4139,703,2020-12-06,urgences
4140,650,2021-02-18,urgences
4141,120,2021-02-23,urgences
4142,1440,2019-03-25,urgences
4143,872,2022-09-07,généraliste
4144,1157,2025-01-25,urgences
4145,1263,2021-05-02,urgences
4146,988,2021-10-06,généraliste
4147,529,2023-05-12,généraliste
4148,1146,2020-08-03,généraliste
4149,1241,2022-04-06,pédiatre
4150,381,2020-07-05,généraliste
4151,2312,2025-07-21,urgences
4152,1998,2022-02-06,généraliste
4153,2011,2025-06-13,pneumologue
4154,1754,2023-05-29,pneumologue
4155,2040,2024-12-06,pneumologue
4156,1403,2021-03-21,généraliste
4157,1526,2023-03-26,urgences
4158,694,2024-12-14,urgences
4159,586,2023-06-23,pédiatre
4160,2133,2022-01-12,généraliste
4161,157,2020-08-22,urgences
4162,1589,2024-09-22,urgences
4163,1027,2025-10-28,urgences
4164,2270,2020-08-14,pédiatre
4165,1313,2021-01-25,généraliste
4166,1578,2022-07-05,pédiatre
4167,776,2025-09-06,généraliste
4168,1783,2022-10-16,généraliste
4169,1033,2025-04-14,urgences
4170,639,2023-07-13,urgences
4171,1650,2023-11-07,généraliste
4172,999,2025-08-04,pédiatre
4173,464,2023-05-24,pneumologue
4174,2358,2024-09-22,urgences
4175,649,2023-11-06,pédiatre
4176,1147,2023-08-22,pédiatre
4177,765,2025-10-20,urgences
4178,1180,2025-06-21,pédiatre
4179,396,2019-09-29,pédiatre
4180,1487,2025-03-15,pédiatre
4181,1162,2025-12-16,pédiatre
4182,1691,2023-05-29,généraliste
4183,2293,2025-09-26,urgences
4184,1678,2023-06-28,urgences
4185,407,2020-03-10,pédiatre
4186,1610,2022-10-24,généraliste
4187,1957,2021-08-05,généraliste
4188,1690,2022-08-29,généraliste
4189,1604,2024-06-17,pédiatre
4190,2359,2022-06-01,pneumologue
4191,1114,2023-10-19,pneumologue
4192,447,2020-01-04,urgences
4193,2252,2022-04-03,pédiatre
4194,550,2023-10-17,urgences
4195,2458,2022-09-19,urgences
4196,1015,2023-02-22,pédiatre
4197,2268,2025-11-30,généraliste
4198,827,2023-08-12,généraliste
4199,256,2023-06-20,généraliste
4200,241,2019-10-09,généraliste
4201,2377,2019-11-13,généraliste
4202,1267,2022-07-28,généraliste
4203,246,2024-06-04,pédiatre
4204,1903,2023-01-31,pédiatre
4205,1093,2022-11-09,généraliste
4206,94,2021-01-09,urgences
4207,1088,2023-12-27,pédiatre
4208,2454,2024-12-13,urgences
4209,1157,2024-08-10,pédiatre
4210,1179,2024-12-21,généraliste
4211,1051,2019-12-07,urgences
4212,1791,2023-03-11,urgences
4213,2252,2024-05-21,généraliste
4214,1596,2024-04-15,pédiatre
4215,918,2025-02-04,urgences
4216,246,2021-01-02,pédiatre
4217,1878,2021-12-12,urgences
4218,532,2019-07-28,pédiatre
4219,2194,2025-12-31,pédiatre
4220,2470,2025-10-12,généraliste
4221,1265,2023-07-03,généraliste
4222,301,2021-04-04,urgences
4223,539,2024-11-11,pédiatre
4224,512,2023-07-12,urgences
4225,826,2023-07-02,urgences
4226,1355,2020-09-08,généraliste
4227,2297,2020-05-10,généraliste
4228,640,2023-08-07,pédiatre
4229,2067,2025-08-30,pédiatre
4230,2372,2020-06-04,pédiatre
4231,2281,2025-09-12,pneumologue
4232,151,2023-03-10,urgences
4233,208,2020-03-07,pédiatre
4234,2263,2025-10-10,urgences
4235,281,2025-12-05,pédiatre
4236,2474,2021-06-24,pédiatre
4237,796,2021-12-25,généraliste
4238,109,2022-08-24,urgences
4239,713,2025-01-11,généraliste
4240,2363,2020-02-22,urgences
4241,642,2021-01-06,pédiatre
4242,235,2025-11-14,pédiatre
4243,1352,2024-09-19,généraliste
4244,2380,2024-12-18,généraliste
4245,2367,2025-07-12,urgences
4246,1199,2024-03-21,pneumologue
4247,1144,2021-12-09,urgences
4248,2040,2023-04-02,généraliste
4249,496,2023-01-19,urgences
4250,428,2020-10-17,généraliste
4251,1174,2025-02-08,pédiatre
4252,1440,2023-01-05,généraliste
4253,2346,2025-02-07,généraliste
4254,1414,2023-06-15,pédiatre
4255,1834,2022-10-04,généraliste
4256,1649,2023-08-31,généraliste
4257,1432,2025-11-07,pneumologue
4258,1002,2022-12-23,généraliste
4259,1629,2022-01-10,urgences
4260,1608,2025-08-21,urgences
4261,479,2023-05-14,généraliste
4262,144,2020-06-24,urgences
4263,1542,2023-12-30,urgences
4264,1177,2025-06-22,pneumologue
4265,976,2025-05-25,généraliste
4266,907,2024-07-20,pédiatre
4267,1543,2023-09-03,urgences
4268,2234,2024-08-01,urgences
4269,1532,2021-09-23,généraliste
4270,1515,2025-02-25,urgences
4271,1947,2024-05-15,urgences
4272,1720,2023-01-10,pédiatre
4273,1696,2025-04-11,généraliste
4274,1882,2025-07-15,pneumologue
4275,2198,2019-10-24,pédiatre
4276,1350,2023-06-10,urgences
4277,2019,2023-08-20,pédiatre
4278,2368,2025-05-06,pneumologue
4279,1059,2024-08-11,pédiatre
4280,1666,2019-03-20,pédiatre
4281,1787,2023-08-30,pédiatre
4282,301,2021-05-19,généraliste
4283,758,2024-02-29,urgences
4284,830,2023-03-11,pédiatre
4285,2341,2020-02-09,pédiatre
4286,2409,2022-04-01,généraliste
4287,2396,2022-10-17,urgences
4288,1037,2024-04-21,pneumologue
4289,1720,2025-06-29,pédiatre
4290,640,2019-11-23,pédiatre
4291,186,2024-09-29,urgences
4292,416,2019-12-25,généraliste
4293,2038,2023-11-18,généraliste
4294,1596,2024-01-03,généraliste
4295,1372,2019-02-23,pédiatre
4296,1658,2019-05-16,généraliste
4297,1961,2023-08-07,urgences
4298,2212,2022-10-17,généraliste
4299,2416,2025-08-25,urgences
4300,253,2021-04-26,généraliste
4301,35,2025-08-16,urgences
4302,36,2020-12-22,urgences
4303,501,2024-07-08,généraliste
4304,149,2024-10-27,urgences
4305,638,2022-11-10,généraliste
4306,301,2019-10-05,pédiatre
4307,137,2022-01-24,pédiatre
4308,497,2021-02-08,généraliste
4309,2368,2025-06-17,pédiatre
4310,1852,2025-01-25,généraliste
4311,834,2023-10-03,urgences
4312,300,2023-12-25,pneumologue
4313,857,2024-09-27,généraliste
4314,1749,2022-09-25,généraliste
4315,660,2022-09-13,pédiatre
4316,235,2024-08-04,urgences
4317,558,2020-02-03,pédiatre
4318,2338,2023-11-19,pneumologue
4319,2003,2023-08-26,pédiatre
4320,1103,2023-04-28,généraliste
4321,1755,2021-12-22,pédiatre
4322,710,2025-10-30,urgences
4323,70,2019-05-06,généraliste
4324,1606,2022-12-14,pédiatre
4325,597,2021-12-17,généraliste
4326,557,2025-10-04,urgences
4327,235,2024-08-19,pneumologue
4328,713,2025-05-10,urgences
4329,862,2022-06-22,pédiatre
4330,1746,2022-07-26,généraliste
4331,2303,2023-12-20,généraliste
4332,176,2025-10-10,généraliste
4333,2490,2019-08-11,généraliste
4334,1968,2025-11-15,urgences
4335,360,2020-08-25,urgences
4336,1306,2020-05-06,pédiatre
4337,383,2020-11-03,pédiatre
4338,1368,2025-12-25,généraliste
4339,1900,2025-12-25,généraliste
4340,1708,2022-08-12,généraliste
4341,308,2022-06-10,généraliste
4342,691,2022-04-28,généraliste
4343,281,2023-12-21,généraliste
4344,2496,2023-12-04,pneumologue
4345,2186,2025-10-03,urgences
4346,212,2024-10-05,urgences
4347,300,2024-02-26,pédiatre
4348,2359,2025-09-02,pédiatre
4349,724,2025-10-20,urgences
4350,1596,2024-05-27,généraliste
4351,2215,2025-11-23,pédiatre
4352,2299,2025-09-02,urgences
4353,371,2025-03-04,pédiatre
4354,824,2024-10-05,urgences
4355,1923,2024-08-07,urgences
4356,2377,2025-07-15,pneumologue
4357,201,2025-11-17,urgences
4358,759,2023-12-04,pédiatre
4359,765,2025-07-14,urgences
4360,834,2020-07-24,urgences
4361,186,2024-12-16,pédiatre
4362,1921,2025-03-19,pneumologue
4363,1029,2021-05-10,généraliste
4364,783,2025-10-22,pneumologue
4365,2073,2025-05-31,urgences
4366,834,2021-12-16,urgences
4367,118,2025-11-07,urgences
4368,2253,2024-09-01,généraliste
4369,1911,2023-12-07,urgences
4370,1040,2022-02-20,généraliste
4371,416,2020-07-07,généraliste
4372,1102,2024-07-07,pédiatre
4373,2392,2025-12-03,pneumologue
4374,1854,2025-11-20,pneumologue
4375,1374,2025-09-26,pneumologue
4376,2249,2020-07-30,urgences
4377,1476,2019-08-01,pédiatre
4378,2462,2023-04-01,pédiatre
4379,749,2023-05-23,généraliste
4380,1956,2019-11-22,pneumologue
4381,2036,2022-08-01,pédiatre
4382,1761,2024-12-27,pneumologue
4383,976,2020-10-29,généraliste
4384,160,2025-02-18,pneumologue
4385,1835,2023-01-07,généraliste
4386,2218,2021-08-06,pédiatre
4387,2369,2019-03-08,pédiatre
4388,2332,2019-12-16,urgences
4389,1518,2021-04-20,généraliste
4390,2362,2024-07-06,pédiatre
4391,1853,2024-02-21,pneumologue
4392,1153,2020-07-13,urgences
4393,451,2020-05-12,pneumologue
4394,712,2025-05-21,urgences
4395,1760,2024-05-18,pédiatre
4396,2366,2025-12-06,généraliste
4397,326,2021-01-06,pédiatre
4398,1826,2024-08-17,pédiatre
4399,1778,2023-11-10,généraliste
4400,2206,2024-11-18,généraliste
4401,381,2021-08-03,urgences
4402,1951,2025-08-17,urgences
4403,639,2022-05-23,généraliste
4404,1381,2022-07-09,généraliste
4405,552,2021-04-29,généraliste
4406,1640,2024-01-07,pédiatre
4407,222,2025-07-24,pédiatre
4408,1645,2025-06-20,urgences
4409,2016,2022-08-25,généraliste
4410,1299,2023-10-27,pédiatre
4411,433,2020-10-04,urgences
4412,505,2024-07-21,urgences
4413,419,2024-06-25,pédiatre
4414,1813,2019-04-01,pédiatre
4415,2400,2024-04-22,pédiatre
4416,873,2022-04-12,urgences
4417,825,2025-04-24,généraliste
4418,2042,2019-06-15,pédiatre
4419,1497,2021-03-12,généraliste
4420,1017,2025-12-12,généraliste
4421,2045,2024-12-02,pédiatre
4422,2062,2024-06-29,pédiatre
4423,1454,2024-05-20,urgences
4424,500,2024-04-12,généraliste
4425,1305,2025-09-22,pédiatre
4426,1593,2021-11-19,pédiatre
4427,147,2024-01-28,pédiatre
4428,177,2024-10-03,pneumologue
4429,1327,2025-02-10,pneumologue
4430,137,2019-05-02,urgences
4431,197,2022-08-26,pneumologue
4432,1590,2019-01-07,généraliste
4433,677,2020-12-09,urgences
4434,931,2024-01-30,pédiatre
4435,2168,2020-07-17,urgences
4436,270,2019-09-03,généraliste
4437,287,2022-02-21,généraliste
4438,1368,2025-04-28,urgences
4439,1661,2022-09-13,urgences
4440,295,2024-01-15,urgences
4441,2484,2022-10-11,généraliste
4442,918,2023-02-20,pédiatre
4443,2057,2025-08-11,généraliste
4444,2312,2024-07-26,pneumologue
4445,351,2019-02-20,urgences
4446,538,2021-06-07,urgences
4447,1162,2025-10-09,urgences
4448,699,2024-10-06,urgences
4449,1617,2019-02-15,urgences
4450,1703,2021-05-28,urgences
4451,1537,2025-08-09,généraliste
4452,1427,2023-02-26,pneumologue
4453,1115,2025-05-21,urgences
4454,2083,2025-08-10,pneumologue
4455,2453,2024-10-23,pneumologue
4456,1765,2024-10-06,pédiatre
4457,1941,2024-06-13,pédiatre
4458,263,2022-03-12,urgences
4459,282,2024-12-08,urgences
4460,1759,2025-10-09,généraliste
4461,133,2025-03-14,généraliste
4462,142,2025-03-03,généraliste
4463,1778,2023-02-22,généraliste
4464,998,2021-11-28,généraliste
4465,2142,2024-02-07,généraliste
4466,338,2020-11-06,pédiatre
4467,224,2024-12-12,pneumologue
4468,1823,2023-01-11,pédiatre
4469,613,2022-08-20,urgences
4470,179,2025-07-03,généraliste
4471,968,2025-04-21,urgences
4472,2340,2024-12-16,pédiatre
4473,1787,2020-03-03,généraliste
4474,316,2025-03-25,pédiatre
4475,1386,2020-02-20,généraliste
4476,1568,2020-12-16,généraliste
4477,741,2023-12-07,généraliste
4478,725,2019-08-18,urgences
4479,369,2022-04-09,urgences
4480,1565,2021-05-30,urgences
4481,2129,2025-09-27,généraliste
4482,20,2020-10-27,généraliste
4483,2534,2020-04-09,généraliste
4484,1652,2024-03-05,pédiatre
4485,2327,2025-11-24,urgences
4486,1360,2025-04-03,pneumologue
4487,1650,2023-07-04,urgences
4488,1650,2025-11-25,pédiatre
4489,688,2025-11-08,pédiatre
4490,802,2025-08-31,urgences
4491,1160,2023-11-05,pédiatre
4492,2417,2020-02-15,urgences
4493,1777,2022-07-18,généraliste
4494,9,2024-09-10,urgences
4495,76,2025-02-19,généraliste
4496,1114,2024-08-04,pédiatre
4497,1517,2025-05-20,généraliste
4498,2398,2025-10-04,pédiatre
4499,555,2021-07-20,pédiatre
4500,224,2024-08-29,généraliste
4501,165,2023-05-04,urgences
4502,2442,2025-09-26,pédiatre
4503,726,2021-11-24,pneumologue
4504,2485,2023-07-10,urgences
4505,1831,2023-12-14,généraliste
4506,1537,2025-07-30,généraliste
4507,2353,2025-07-29,pédiatre
4508,1763,2022-09-29,urgences
4509,2489,2022-12-06,urgences
4510,425,2025-03-17,pédiatre
4511,178,2024-11-24,urgences
4512,2235,2020-12-10,pédiatre
4513,1174,2025-07-14,pneumologue
4514,1931,2021-11-17,pédiatre
4515,1023,2023-12-01,pédiatre
4516,141,2024-10-15,pneumologue
4517,463,2023-06-05,urgences
4518,794,2024-01-06,pédiatre
4519,2287,2022-01-09,pédiatre
4520,1699,2023-12-25,urgences
4521,924,2020-07-18,pneumologue
4522,1327,2025-06-11,généraliste
4523,824,2022-02-24,généraliste
4524,1664,2025-03-07,pédiatre
4525,332,2024-04-22,pédiatre
4526,183,2020-08-29,pneumologue
4527,464,2022-11-18,pédiatre
4528,1050,2023-12-29,urgences
4529,1012,2025-02-09,pneumologue
4530,486,2022-10-28,pneumologue
4531,56,2024-05-01,urgences
4532,1824,2024-10-21,urgences
4533,1857,2020-02-20,urgences
4534,105,2020-03-24,urgences
4535,1224,2024-03-13,généraliste
4536,451,2025-07-31,pédiatre
4537,1157,2025-10-31,généraliste
4538,1082,2023-02-24,généraliste
4539,739,2023-11-04,pédiatre
4540,1619,2025-04-30,pneumologue
4541,2414,2024-11-24,urgences
4542,1863,2022-03-11,urgences
4543,2456,2021-10-05,urgences
4544,1160,2025-05-21,généraliste
4545,2079,2022-01-13,pédiatre
4546,1699,2025-06-09,pédiatre
4547,312,2024-10-21,généraliste
4548,1953,2025-11-24,généraliste
4549,2355,2022-08-02,généraliste
4550,1915,2025-04-24,pneumologue
4551,2430,2021-05-21,généraliste
4552,1192,2019-01-30,pédiatre
4553,855,2019-07-30,généraliste
4554,1399,2023-09-19,pédiatre
4555,2408,2024-07-22,urgences
4556,2141,2024-09-24,pédiatre
4557,2305,2025-08-27,pédiatre
4558,1887,2025-08-16,généraliste
4559,2329,2021-03-20,urgences
4560,1548,2022-09-10,pédiatre
4561,986,2023-10-21,généraliste
4562,1120,2022-05-06,généraliste
4563,899,2021-04-11,généraliste
4564,890,2020-10-06,pneumologue
4565,170,2023-09-14,généraliste
4566,1155,2025-10-27,urgences
4567,538,2025-04-08,urgences
4568,5,2025-12-30,pneumologue
4569,218,2020-07-05,pédiatre
4570,1525,2024-09-25,généraliste
4571,2475,2022-03-03,généraliste
4572,463,2023-12-13,généraliste
4573,1937,2023-09-18,généraliste
4574,2078,2020-06-10,généraliste
4575,656,2021-05-12,pédiatre
4576,1767,2025-05-02,pneumologue
4577,2236,2025-05-25,généraliste
4578,68,2020-01-09,généraliste
4579,643,2024-10-10,urgences
4580,362,2024-09-26,généraliste
4581,2471,2022-01-31,pédiatre
4582,1461,2023-12-27,urgences
4583,1419,2024-05-15,pédiatre
4584,2092,2023-10-23,urgences
4585,2430,2025-07-19,pédiatre
4586,748,2025-10-17,pneumologue
4587,1249,2023-01-06,urgences
4588,628,2021-12-31,pédiatre
4589,929,2021-12-16,pédiatre
4590,1880,2025-11-16,pédiatre
4591,101,2025-03-28,pédiatre
4592,2299,2025-12-30,généraliste
4593,680,2024-03-20,urgences
4594,41,2025-11-24,urgences
4595,1214,2023-12-04,urgences
4596,1237,2025-01-21,pneumologue
4597,1269,2023-11-21,généraliste
4598,1949,2025-05-30,urgences
4599,387,2024-08-04,urgences
4600,969,2023-12-06,généraliste
4601,771,2024-01-06,pédiatre
4602,399,2025-05-25,pédiatre
4603,503,2025-01-02,généraliste
4604,807,2023-10-05,urgences
4605,63,2025-08-02,urgences
4606,455,2023-11-21,urgences
4607,2496,2022-09-29,pédiatre
4608,1346,2024-05-13,généraliste
4609,2486,2023-12-09,généraliste
4610,1754,2021-02-01,généraliste
4611,2431,2024-02-14,urgences
4612,2045,2025-11-29,urgences
4613,1573,2021-04-21,généraliste
4614,2378,2021-07-08,pédiatre
4615,277,2025-09-24,urgences
4616,2070,2019-09-10,pédiatre
4617,1110,2022-06-18,généraliste
4618,604,2025-04-03,pédiatre
4619,440,2021-10-01,urgences
4620,2368,2025-07-06,pédiatre
4621,678,2023-05-14,pneumologue
4622,1967,2019-07-23,généraliste
4623,665,2025-09-26,pneumologue
4624,863,2024-08-21,urgences
4625,41,2020-03-04,urgences
4626,1286,2025-08-27,pédiatre
4627,492,2023-09-10,urgences
4628,1705,2020-01-14,pédiatre
4629,183,2024-11-21,généraliste
4630,2196,2025-05-27,généraliste
4631,32,2025-02-04,urgences
4632,1896,2023-01-20,urgences
4633,2132,2025-01-18,urgences
4634,172,2019-01-27,pédiatre
4635,2270,2023-04-05,pédiatre
4636,57,2021-09-13,pédiatre
4637,1770,2025-11-02,généraliste
4638,461,2019-07-09,urgences
4639,1218,2020-09-01,pédiatre
4640,685,2025-03-24,pédiatre
4641,824,2022-09-30,pédiatre
4642,1986,2025-07-02,pédiatre
4643,1731,2020-04-19,pédiatre
4644,2489,2025-01-26,pneumologue
4645,1897,2025-06-18,pédiatre
4646,1300,2022-01-17,généraliste
4647,150,2023-09-06,pédiatre
4648,665,2021-12-06,pneumologue
4649,856,2022-12-14,pédiatre
4650,2088,2020-11-09,urgences
4651,155,2025-02-02,pédiatre
4652,2362,2023-06-08,pédiatre
4653,2194,2025-10-10,pédiatre
4654,1291,2019-05-18,généraliste
4655,1057,2023-05-04,urgences
4656,183,2022-05-11,pédiatre
4657,1637,2024-10-20,généraliste
4658,2472,2022-11-18,urgences
4659,2358,2023-04-11,généraliste
4660,771,2024-08-09,pneumologue
4661,262,2025-07-22,urgences
4662,237,2022-08-20,généraliste
4663,228,2019-06-29,pédiatre
4664,2062,2024-02-21,pédiatre
4665,443,2025-11-05,urgences
4666,2529,2019-03-11,généraliste
4667,1112,2019-07-24,généraliste
4668,1627,2025-03-22,pédiatre
4669,2431,2024-02-18,pneumologue
4670,2288,2023-07-19,urgences
4671,2455,2022-05-13,urgences
4672,1541,2022-12-20,pédiatre
4673,617,2025-05-20,généraliste
4674,258,2025-01-29,généraliste
4675,453,2025-09-21,urgences
4676,1617,2023-05-16,généraliste
4677,40,2022-12-12,urgences
4678,1589,2020-09-03,urgences
4679,944,2023-06-20,pédiatre
4680,610,2025-08-11,généraliste
4681,741,2021-12-12,urgences
4682,2454,2023-12-28,pneumologue
4683,1639,2025-11-25,urgences
4684,704,2025-06-01,pédiatre
4685,2257,2024-08-22,urgences
4686,2141,2025-07-28,urgences
4687,1601,2020-01-29,pédiatre
4688,1154,2021-11-12,urgences
4689,2316,2025-05-23,généraliste
4690,139,2024-08-17,généraliste
4691,1265,2020-07-02,généraliste
4692,2224,2025-08-01,généraliste
4693,179,2025-05-18,pédiatre
4694,2437,2020-09-17,pédiatre
4695,2208,2023-03-26,urgences
4696,1697,2025-10-01,urgences
4697,782,2021-12-13,pédiatre
4698,2188,2021-05-08,généraliste
4699,2065,2022-02-28,urgences
4700,825,2023-10-28,généraliste
4701,1646,2024-11-01,généraliste
4702,98,2025-07-29,pneumologue
4703,1494,2024-11-28,pneumologue
4704,2279,2025-08-15,pédiatre
4705,1565,2023-07-04,pédiatre
4706,1152,2023-06-24,urgences
4707,1374,2023-12-10,urgences
4708,1817,2024-01-22,généraliste
4709,301,2022-02-27,pédiatre
4710,207,2019-06-11,urgences
4711,2084,2025-12-09,urgences
4712,293,2022-10-13,pédiatre
4713,1925,2023-05-07,généraliste
4714,1130,2019-06-14,urgences
4715,465,2024-09-01,pédiatre
4716,136,2023-05-13,urgences
4717,1784,2024-11-06,pneumologue
4718,1983,2025-03-14,pédiatre
4719,1080,2023-05-19,urgences
4720,2414,2025-08-12,généraliste
4721,117,2023-04-17,urgences
4722,768,2023-11-22,généraliste
4723,480,2025-09-23,pédiatre
4724,596,2025-11-12,urgences
4725,1710,2024-03-24,urgences
4726,1808,2025-01-27,urgences
4727,1937,2024-10-21,urgences
4728,199,2025-10-19,pédiatre
4729,2393,2024-11-22,pédiatre
4730,1670,2025-07-29,généraliste
4731,1563,2024-03-25,généraliste
4732,1891,2023-12-09,généraliste
4733,307,2024-10-15,urgences
4734,618,2024-02-19,généraliste
4735,2130,2019-05-31,pédiatre
4736,2293,2025-02-09,pédiatre
4737,60,2025-03-10,généraliste
4738,303,2025-03-07,urgences
4739,1281,2019-03-02,urgences
4740,1324,2024-06-05,pédiatre
4741,1951,2021-04-18,généraliste
4742,931,2019-09-23,pédiatre
4743,2162,2024-10-27,urgences
4744,436,2023-09-24,urgences
4745,911,2023-01-20,urgences
4746,2455,2023-05-18,pédiatre
4747,2150,2023-11-07,pédiatre
4748,1146,2024-03-10,urgences
4749,1318,2023-06-05,généraliste
4750,2350,2023-05-14,pédiatre
4751,1816,2020-05-29,urgences
4752,680,2025-01-17,urgences
4753,943,2023-03-02,pneumologue
4754,2070,2024-05-15,généraliste
4755,1584,2021-11-19,généraliste
4756,2312,2024-06-07,pédiatre
4757,2013,2024-07-04,pédiatre
4758,526,2025-10-23,urgences
4759,1405,2023-10-01,pneumologue
4760,1148,2020-02-11,urgences
4761,2388,2021-05-20,urgences
4762,890,2022-04-29,pédiatre
4763,434,2024-08-02,urgences
4764,1791,2022-07-10,urgences
4765,828,2025-02-09,urgences
4766,2231,2020-07-07,généraliste
4767,2311,2025-07-09,pneumologue
4768,1594,2024-12-08,urgences
4769,1504,2022-12-22,généraliste
4770,156,2025-06-27,pédiatre
4771,98,2025-08-20,généraliste
4772,419,2023-09-26,pédiatre
4773,444,2022-08-10,pédiatre
4774,1909,2025-06-05,généraliste
4775,1721,2025-10-22,urgences
4776,1364,2022-12-13,généraliste
4777,1197,2025-06-07,généraliste
4778,2026,2025-08-13,pédiatre
4779,809,2025-03-06,pneumologue
4780,1352,2024-12-06,pédiatre
4781,1072,2022-05-07,pédiatre
4782,1822,2024-01-31,pédiatre
4783,532,2022-06-09,urgences
4784,1539,2019-08-04,urgences
4785,1049,2021-04-08,généraliste
4786,1006,2025-10-11,urgences
4787,1294,2025-01-15,urgences
4788,802,2023-03-27,pédiatre
4789,1706,2023-01-30,urgences
4790,665,2021-07-17,pneumologue
4791,160,2025-01-28,urgences
4792,1419,2022-02-06,généraliste
4793,1011,2025-11-27,généraliste
4794,1827,2025-11-24,généraliste
4795,679,2025-06-28,pédiatre
4796,760,2021-04-02,pneumologue
4797,1751,2024-07-08,urgences
4798,224,2025-01-11,pédiatre
4799,72,2024-09-29,généraliste
4800,197,2022-08-26,pédiatre
4801,389,2025-10-26,généraliste
4802,556,2019-11-13,urgences
4803,560,2024-11-13,pédiatre
4804,810,2019-01-02,généraliste
4805,1458,2021-03-14,pédiatre
4806,2044,2025-09-21,pédiatre
4807,735,2019-01-30,pédiatre
4808,779,2021-01-14,pédiatre
4809,358,2025-06-11,généraliste
4810,671,2023-11-19,urgences
4811,899,2022-01-09,généraliste
4812,435,2024-03-02,pédiatre
4813,2088,2023-08-27,urgences
4814,1254,2020-04-08,généraliste
4815,557,2023-01-28,généraliste
4816,710,2025-06-11,pneumologue
4817,675,2022-02-10,généraliste
4818,2194,2025-12-12,urgences
4819,215,2019-08-11,généraliste
4820,473,2025-09-09,urgences
4821,255,2022-07-12,généraliste
4822,2330,2022-03-15,urgences
4823,1907,2025-12-10,pédiatre
4824,1052,2022-10-13,généraliste
4825,1021,2022-08-21,pédiatre
4826,974,2021-12-22,urgences
4827,2221,2024-11-27,urgences
4828,1851,2025-08-06,urgences
4829,6,2023-06-12,pédiatre
4830,201,2025-01-14,urgences
4831,996,2024-08-31,urgences
4832,1654,2024-11-17,pneumologue
4833,1955,2020-09-26,généraliste
4834,1284,2021-05-03,pédiatre
4835,248,2024-11-05,généraliste
4836,1261,2021-02-27,généraliste
4837,152,2025-03-22,généraliste
4838,1978,2024-11-03,urgences
4839,2255,2025-11-13,urgences
4840,1167,2022-04-03,urgences
4841,1789,2025-02-07,urgences
4842,775,2023-05-29,généraliste
4843,149,2025-01-22,pédiatre
4844,1728,2025-11-27,pneumologue
4845,1069,2022-10-02,généraliste
4846,649,2020-04-22,pédiatre
4847,281,2024-05-10,urgences
4848,1949,2022-08-27,généraliste
4849,2320,2025-09-22,généraliste
4850,571,2025-11-05,urgences
4851,547,2023-12-09,pneumologue
4852,2188,2025-07-15,généraliste
4853,1985,2021-02-16,pédiatre
4854,1582,2025-11-26,pédiatre
4855,665,2023-09-07,pédiatre
4856,1713,2020-02-21,généraliste
4857,58,2025-01-08,urgences
4858,126,2023-10-16,urgences
4859,1590,2023-03-10,généraliste
4860,328,2020-05-13,urgences
4861,1516,2023-03-26,urgences
4862,1640,2024-05-04,pédiatre
4863,386,2019-09-26,pédiatre
4864,1858,2020-10-30,généraliste
4865,2084,2025-01-19,urgences
4866,1379,2022-07-09,pédiatre
4867,755,2024-08-16,généraliste
4868,308,2023-05-28,pneumologue
4869,1897,2024-08-21,pédiatre
4870,808,2020-05-03,urgences
4871,1294,2025-07-17,pédiatre
4872,1170,2023-10-16,généraliste
4873,608,2025-04-20,pédiatre
4874,201,2025-12-05,pédiatre
4875,990,2024-03-11,généraliste
4876,2482,2024-12-29,urgences
4877,228,2021-02-27,pédiatre
4878,1020,2025-05-04,généraliste
4879,1456,2020-08-14,pédiatre
4880,985,2024-06-20,urgences
4881,949,2024-09-08,pneumologue
4882,1251,2025-10-16,pneumologue
4883,914,2021-11-25,urgences
4884,1113,2023-04-29,pédiatre
4885,586,2024-08-14,urgences
4886,277,2025-10-27,pneumologue
4887,405,2022-12-02,généraliste
4888,1292,2025-04-21,pédiatre
4889,2193,2020-10-11,urgences
4890,710,2024-11-04,pédiatre
4891,1557,2025-12-19,généraliste
4892,302,2019-04-30,généraliste
4893,1130,2024-09-02,généraliste
4894,175,2022-01-18,généraliste
4895,2119,2025-06-10,généraliste
4896,882,2019-04-04,généraliste
4897,1069,2024-08-06,urgences
4898,1413,2025-09-12,généraliste
4899,1311,2024-08-03,généraliste
4900,1177,2025-12-02,généraliste
4901,2089,2020-05-10,pédiatre
4902,2297,2022-08-01,généraliste
4903,1391,2021-08-07,pédiatre
4904,380,2023-06-28,pédiatre
4905,1387,2020-01-19,urgences
4906,262,2025-04-10,urgences
4907,938,2021-10-28,généraliste
4908,954,2020-05-26,généraliste
4909,1400,2025-11-20,urgences
4910,255,2022-03-01,pédiatre
4911,1291,2020-09-02,pédiatre
4912,2267,2021-10-23,urgences
4913,1843,2024-11-16,pédiatre
4914,46,2021-07-09,urgences
4915,2172,2025-01-07,urgences
4916,143,2023-09-30,pédiatre
4917,447,2021-06-24,généraliste
4918,1968,2023-10-09,généraliste
4919,1427,2025-12-05,pédiatre
4920,538,2020-02-21,généraliste
4921,190,2021-02-08,pédiatre
4922,1057,2025-02-20,généraliste
4923,1472,2023-09-20,urgences
4924,479,2022-07-19,généraliste
4925,1096,2025-10-22,pédiatre
4926,1619,2025-10-05,pneumologue
4927,1988,2020-02-10,urgences
4928,911,2022-10-30,généraliste
4929,267,2021-05-03,pédiatre
4930,919,2019-04-03,généraliste
4931,768,2023-12-05,urgences
4932,188,2020-05-07,pédiatre
4933,1203,2022-01-06,urgences
4934,2162,2024-11-09,urgences
4935,2224,2025-03-09,urgences
4936,2038,2020-01-15,pédiatre
4937,1244,2022-04-13,pédiatre
4938,2073,2021-03-29,urgences
4939,1823,2020-09-05,urgences
4940,1943,2023-05-19,pédiatre
4941,2319,2024-10-30,urgences
4942,1037,2025-09-17,urgences
4943,984,2019-09-05,généraliste
4944,698,2023-05-13,pédiatre
4945,369,2019-11-11,urgences
4946,2155,2024-07-11,urgences
4947,1617,2021-07-24,pédiatre
4948,1423,2023-04-15,généraliste
4949,451,2022-07-24,pédiatre
4950,1505,2024-11-02,pneumologue
4951,1011,2024-05-05,pédiatre
4952,1212,2023-11-01,généraliste
4953,108,2024-11-17,urgences
4954,1262,2022-03-07,pédiatre
4955,2064,2020-10-21,généraliste
4956,1181,2024-08-20,urgences
4957,1784,2024-12-18,pneumologue
4958,1675,2025-10-27,généraliste
4959,683,2022-01-08,urgences
4960,18,2021-10-25,généraliste
4961,2268,2025-05-17,pédiatre
4962,589,2025-06-25,pédiatre
4963,1675,2025-03-05,généraliste
4964,138,2025-03-30,généraliste
4965,636,2022-08-30,urgences
4966,394,2021-10-06,pédiatre
4967,2273,2024-10-03,pédiatre
4968,705,2020-03-31,urgences
4969,725,2022-02-21,urgences
4970,2277,2021-11-06,urgences
4971,2002,2021-02-22,pédiatre
4972,1039,2025-03-03,pneumologue
4973,2216,2023-07-03,urgences
4974,286,2020-10-05,généraliste
4975,2250,2020-10-30,généraliste
4976,514,2025-08-13,pédiatre
4977,2449,2020-12-15,pédiatre
4978,2059,2024-07-04,urgences
4979,1490,2024-10-21,urgences
4980,1167,2023-04-17,pneumologue
4981,2363,2019-10-29,généraliste
4982,2364,2022-03-27,urgences
4983,1010,2023-03-23,pédiatre
4984,2157,2024-09-09,urgences
4985,318,2025-10-12,généraliste
4986,1496,2025-03-04,généraliste
4987,1215,2023-09-11,généraliste
4988,2040,2024-09-22,généraliste
4989,550,2022-02-14,généraliste
4990,1414,2024-11-22,urgences
4991,141,2025-08-13,urgences
4992,2390,2022-08-19,généraliste
4993,366,2020-09-22,pédiatre
4994,2087,2025-11-20,généraliste
4995,863,2025-04-14,urgences
4996,1043,2025-11-10,pneumologue
4997,2327,2025-04-30,urgences
4998,159,2023-01-07,généraliste
4999,27,2023-12-18,urgences
5000,453,2024-02-01,pédiatre
5001,1140,2023-06-01,urgences
5002,802,2022-10-22,urgences
5003,1784,2025-06-11,pédiatre
5004,1114,2023-09-12,pédiatre
5005,590,2019-11-16,généraliste
5006,584,2021-03-18,généraliste
5007,750,2019-06-13,pédiatre
5008,76,2024-08-05,pédiatre
5009,1670,2022-11-15,généraliste
5010,2081,2023-12-17,généraliste
5011,2022,2022-04-12,pédiatre
5012,112,2020-03-23,urgences
5013,2270,2025-06-04,pédiatre
5014,1996,2025-07-13,généraliste
5015,1667,2021-05-02,généraliste
5016,1464,2023-10-10,généraliste
5017,2255,2025-08-12,généraliste
5018,1548,2024-03-04,urgences
5019,802,2022-09-18,urgences
5020,1183,2020-04-18,généraliste
5021,1006,2025-07-06,pédiatre
5022,2435,2020-09-29,généraliste
5023,564,2023-06-24,généraliste
5024,1480,2023-10-26,généraliste
5025,1917,2024-12-07,pneumologue
5026,1643,2022-08-11,généraliste
5027,689,2025-08-21,pédiatre
5028,2053,2025-05-24,pédiatre
5029,32,2025-07-24,généraliste
5030,588,2019-01-21,urgences
5031,767,2025-01-01,pneumologue
5032,2051,2022-02-19,généraliste
5033,1616,2021-07-10,pédiatre
5034,1751,2024-08-17,urgences
5035,2368,2025-03-31,pneumologue
5036,2406,2025-05-04,généraliste
5037,814,2024-01-03,généraliste
5038,2393,2024-07-04,généraliste
5039,846,2023-02-02,généraliste
5040,1484,2020-06-10,pédiatre
5041,1292,2019-05-30,généraliste
5042,405,2025-04-16,pédiatre
5043,1548,2025-11-02,urgences
5044,2291,2025-07-05,généraliste
5045,796,2024-03-10,urgences
5046,942,2022-05-09,généraliste
5047,1871,2019-02-02,généraliste
5048,2253,2025-11-07,pédiatre
5049,1956,2020-08-07,pédiatre
5050,2184,2023-11-29,pédiatre
5051,614,2024-07-16,urgences
5052,1843,2022-09-20,généraliste
5053,435,2024-01-14,généraliste
5054,250,2020-04-24,urgences
5055,1754,2021-06-23,pédiatre
5056,644,2022-12-24,pédiatre
5057,263,2023-04-25,généraliste
5058,2208,2021-09-13,urgences
5059,1989,2023-09-28,pédiatre
5060,514,2024-11-21,généraliste
5061,2019,2019-05-28,pédiatre
5062,3,2022-11-09,urgences
5063,1504,2019-01-20,pédiatre
5064,744,2023-09-03,pneumologue
5065,860,2023-04-22,pédiatre
5066,1069,2025-05-17,pédiatre
5067,1067,2025-08-07,pédiatre
5068,1057,2019-10-29,urgences
5069,1971,2024-10-29,urgences
5070,569,2024-04-12,généraliste
5071,1174,2024-11-01,pneumologue
5072,2420,2023-04-30,généraliste
5073,278,2022-08-22,pédiatre
5074,957,2024-12-09,urgences
5075,1374,2025-02-22,pédiatre
5076,748,2023-02-01,généraliste
5077,456,2021-03-31,urgences
5078,2285,2021-09-13,généraliste
5079,1496,2025-03-16,urgences
5080,742,2020-06-01,généraliste
5081,338,2020-11-19,urgences
5082,1349,2023-11-16,urgences
5083,2029,2023-10-05,généraliste
5084,2402,2024-08-29,pédiatre
5085,1595,2022-12-24,urgences
5086,694,2025-05-10,généraliste
5087,2309,2024-04-24,pédiatre
5088,1562,2024-11-09,urgences
5089,191,2023-08-11,pédiatre
5090,2414,2024-12-18,urgences
5091,1514,2024-04-03,généraliste
5092,181,2025-01-02,pédiatre
5093,66,2025-03-01,pédiatre
5094,2496,2023-07-09,généraliste
5095,590,2023-04-27,généraliste
5096,159,2021-06-11,pédiatre
5097,867,2020-11-03,pédiatre
5098,2194,2025-06-26,pneumologue
5099,458,2024-02-14,pédiatre
5100,1058,2025-06-15,généraliste
5101,2088,2022-03-19,pneumologue
5102,813,2025-04-02,pédiatre
5103,1006,2023-06-16,pédiatre
5104,359,2024-02-20,pédiatre
5105,1187,2024-11-28,urgences
5106,993,2024-02-02,urgences
5107,174,2024-10-29,pédiatre
5108,1711,2023-04-24,généraliste
5109,1515,2025-08-15,pédiatre
5110,683,2023-06-30,urgences
5111,2416,2025-06-18,généraliste
5112,2178,2025-08-10,généraliste
5113,599,2023-08-08,généraliste
5114,2457,2020-09-24,urgences
5115,2097,2019-07-17,pédiatre
5116,621,2019-10-17,pédiatre
5117,147,2019-10-03,pédiatre
5118,2136,2024-10-31,pneumologue
5119,978,2025-06-09,généraliste
5120,1932,2022-05-18,généraliste
5121,2010,2025-02-06,généraliste
5122,325,2023-11-16,généraliste
5123,513,2024-11-13,urgences
5124,974,2021-02-10,généraliste
5125,205,2025-03-19,généraliste
5126,797,2021-10-07,généraliste
5127,187,2024-10-16,urgences
5128,2258,2020-06-19,urgences
5129,1051,2020-12-26,généraliste
5130,574,2022-12-10,urgences
5131,2386,2024-01-29,urgences
5132,2024,2021-11-16,urgences
5133,159,2024-02-21,urgences
5134,2053,2024-10-24,pneumologue
5135,1494,2025-11-10,urgences
5136,472,2024-10-09,pédiatre
5137,1012,2025-11-14,généraliste
5138,881,2022-07-22,généraliste
5139,501,2025-06-17,urgences
5140,134,2024-04-30,généraliste
5141,2473,2024-11-29,pédiatre
5142,1082,2025-01-02,urgences
5143,726,2020-06-05,pneumologue
5144,1662,2025-09-03,généraliste
5145,1603,2022-06-07,généraliste
5146,1715,2020-04-20,généraliste
5147,4,2021-02-26,urgences
5148,755,2024-12-11,urgences
5149,1691,2019-10-16,généraliste
5150,999,2022-05-30,urgences
5151,1001,2024-09-23,pédiatre
5152,2461,2025-12-26,généraliste
5153,1720,2023-01-10,pédiatre
5154,993,2025-11-05,urgences
5155,127,2025-02-24,pédiatre
5156,2020,2024-07-23,généraliste
5157,1968,2024-01-13,pédiatre
5158,1362,2024-02-17,pédiatre
5159,1607,2023-09-26,urgences
5160,105,2025-08-28,pneumologue
5161,288,2025-09-05,urgences
5162,1184,2025-08-15,généraliste
5163,2076,2020-11-19,urgences
5164,700,2025-06-03,généraliste
5165,1793,2019-12-06,pédiatre
5166,56,2025-07-19,urgences
5167,1695,2022-12-10,généraliste
5168,313,2023-04-20,pédiatre
5169,698,2022-11-05,pédiatre
5170,2492,2023-05-18,généraliste
5171,687,2025-10-29,généraliste
5172,238,2025-01-31,pneumologue
5173,1174,2025-05-26,pneumologue
5174,2117,2024-02-29,urgences
5175,2208,2023-07-09,urgences
5176,450,2021-07-08,généraliste
5177,472,2022-01-14,urgences
5178,1986,2024-11-07,pédiatre
5179,193,2022-01-08,urgences
5180,616,2020-03-23,généraliste
5181,2334,2025-02-06,généraliste
5182,572,2025-06-04,pédiatre
5183,1603,2024-04-12,urgences
5184,322,2021-11-18,généraliste
5185,1187,2024-06-20,urgences
5186,2370,2025-04-10,urgences
5187,403,2019-07-06,généraliste
5188,2030,2025-06-06,généraliste
5189,726,2023-09-19,urgences
5190,2319,2024-07-06,pédiatre
5191,1913,2023-11-08,pédiatre
5192,2090,2025-07-02,pédiatre
5193,2199,2025-04-05,pneumologue
5194,1688,2024-02-07,pneumologue
5195,807,2025-10-29,urgences
5196,174,2023-06-04,généraliste
5197,2271,2023-05-01,pédiatre
5198,954,2024-02-14,urgences
5199,1164,2022-03-23,pédiatre
5200,2425,2024-04-08,généraliste
5201,1186,2024-12-14,pédiatre
5202,1739,2023-07-09,urgences
5203,1728,2025-08-08,pneumologue
5204,2023,2022-08-29,pédiatre
5205,321,2024-04-22,urgences
5206,1639,2025-11-16,urgences
5207,2205,2025-03-14,généraliste
5208,38,2024-10-17,généraliste
5209,1069,2022-11-15,pédiatre
5210,1971,2022-08-30,pédiatre
5211,454,2025-06-05,généraliste
5212,2150,2022-08-09,généraliste
5213,2158,2023-12-14,généraliste
5214,2108,2022-04-07,pédiatre
5215,2189,2025-09-26,urgences
5216,411,2023-10-11,généraliste
5217,2205,2024-01-02,pédiatre
5218,2498,2019-02-20,pédiatre
5219,913,2019-03-11,urgences
5220,2053,2024-07-27,urgences
5221,300,2025-06-10,urgences
5222,1819,2022-03-13,urgences
5223,876,2019-03-16,urgences
5224,1193,2022-05-17,urgences
5225,1392,2024-05-30,pédiatre
5226,667,2021-04-09,généraliste
5227,1976,2025-02-09,pédiatre
5228,1662,2022-12-16,généraliste
5229,1178,2023-03-11,généraliste
5230,53,2024-06-14,généraliste
5231,2123,2022-12-12,généraliste
5232,872,2023-10-26,généraliste
5233,848,2025-11-07,pédiatre
5234,2290,2025-02-07,généraliste
5235,1675,2025-04-17,généraliste
5236,1187,2023-08-15,pédiatre
5237,1861,2020-01-18,généraliste
5238,2029,2020-07-11,pédiatre
5239,1246,2025-01-14,généraliste
5240,1303,2019-07-09,généraliste
5241,532,2021-08-05,généraliste
5242,41,2022-07-26,pédiatre
5243,2154,2022-11-18,urgences
5244,1866,2022-01-28,urgences
5245,668,2025-10-13,pédiatre
5246,1602,2023-12-28,pédiatre
5247,1438,2019-01-03,pédiatre
5248,100,2024-12-31,généraliste
5249,2151,2021-11-13,pédiatre
5250,570,2025-08-05,pédiatre
5251,747,2021-05-25,généraliste
5252,1260,2019-07-10,généraliste
5253,1985,2020-03-19,pédiatre
5254,1310,2025-11-22,pédiatre
5255,284,2023-02-05,urgences
5256,1251,2023-11-18,urgences
5257,810,2021-10-14,généraliste
5258,2268,2025-11-10,urgences
5259,826,2020-05-10,généraliste
5260,1759,2019-12-14,urgences
5261,2077,2020-06-06,urgences
5262,2270,2023-12-30,urgences
5263,2478,2022-01-12,généraliste
5264,1992,2020-09-04,urgences
5265,1423,2019-12-20,pédiatre
5266,2229,2025-05-15,généraliste
5267,1752,2025-05-25,urgences
5268,959,2024-05-23,pédiatre
5269,2004,2025-07-11,pédiatre
5270,2132,2025-11-06,pneumologue
5271,197,2023-11-08,pneumologue
5272,104,2022-07-04,généraliste
5273,2407,2022-05-05,pédiatre
5274,2214,2021-08-16,généraliste
5275,1178,2021-04-30,généraliste
5276,13,2024-09-28,pédiatre
5277,909,2021-12-04,généraliste
5278,1108,2025-10-08,pédiatre
5279,957,2021-06-29,pédiatre
5280,244,2019-01-30,urgences
5281,353,2025-12-10,généraliste
5282,161,2023-12-28,généraliste
5283,724,2024-08-18,généraliste
5284,179,2025-06-09,urgences
5285,899,2022-08-11,urgences
5286,2305,2025-07-13,urgences
5287,457,2020-03-05,pédiatre
5288,349,2024-07-02,urgences
5289,768,2025-02-09,urgences
5290,1204,2023-08-08,pédiatre
5291,2083,2025-10-16,urgences
5292,1471,2023-10-19,urgences
5293,370,2024-12-28,urgences
5294,1360,2025-10-26,urgences
5295,2087,2025-11-30,pédiatre
5296,352,2023-07-15,pneumologue
5297,2199,2024-07-13,pneumologue
5298,36,2025-01-13,pédiatre
5299,1299,2024-06-28,pneumologue
5300,403,2022-05-24,pédiatre
5301,2336,2021-09-07,pédiatre
5302,2366,2021-04-20,pédiatre
5303,1556,2021-10-18,urgences
5304,2435,2021-09-12,généraliste
5305,491,2023-09-29,généraliste
5306,1540,2023-07-29,pédiatre
5307,1720,2024-01-24,pédiatre
5308,693,2021-09-26,urgences
5309,1380,2024-07-16,urgences
5310,1042,2021-12-03,pédiatre
5311,511,2023-03-18,urgences
5312,1957,2024-12-09,pédiatre
5313,981,2023-02-11,pédiatre
5314,747,2024-03-28,urgences
5315,1152,2020-07-20,pédiatre
5316,2384,2022-08-22,urgences
5317,1419,2021-10-25,généraliste
5318,2474,2024-10-26,généraliste
5319,1479,2019-12-28,urgences
5320,1715,2021-06-23,généraliste
5321,851,2023-07-13,urgences
5322,531,2025-09-07,urgences
5323,987,2024-10-18,généraliste
5324,2165,2021-10-19,généraliste
5325,513,2025-02-11,pédiatre
5326,580,2025-08-03,pédiatre
5327,687,2025-07-02,pneumologue
5328,687,2025-08-24,urgences
5329,1706,2019-01-25,pédiatre
5330,187,2023-10-16,pédiatre
5331,928,2019-04-22,pédiatre
5332,1903,2024-06-25,pédiatre
5333,2116,2023-09-26,pédiatre
5334,667,2023-07-10,pédiatre
5335,2085,2025-10-08,généraliste
5336,1885,2020-11-05,urgences
5337,170,2022-08-03,pédiatre
5338,100,2025-07-25,généraliste
5339,1195,2020-07-25,pneumologue
5340,144,2022-10-07,urgences
5341,1391,2023-10-17,pédiatre
5342,429,2020-05-22,généraliste
5343,789,2024-06-24,pneumologue
5344,1634,2022-04-08,pédiatre
5345,1006,2024-10-29,pédiatre
5346,1542,2024-08-25,généraliste
5347,433,2021-05-20,pédiatre
5348,2226,2023-05-31,généraliste
5349,1308,2025-09-09,généraliste
5350,1559,2025-09-14,généraliste
5351,570,2024-12-14,pédiatre
5352,900,2025-12-08,généraliste
5353,1146,2023-11-26,pneumologue
5354,1216,2021-10-17,pédiatre
5355,1871,2024-11-08,généraliste
5356,721,2022-02-22,pédiatre
5357,1740,2025-05-15,généraliste
5358,1191,2021-12-19,généraliste
5359,201,2025-08-17,généraliste
5360,309,2023-02-14,généraliste
5361,2296,2021-08-05,urgences
5362,2103,2022-08-04,pédiatre
5363,795,2021-08-28,généraliste
5364,930,2021-08-15,urgences
5365,684,2024-03-01,généraliste
5366,1487,2024-12-17,généraliste
5367,1178,2022-07-06,urgences
5368,1539,2019-07-08,urgences
5369,44,2025-11-02,urgences
5370,859,2020-07-15,pédiatre
5371,2324,2023-06-21,pédiatre
5372,90,2024-10-20,urgences
5373,1554,2025-06-19,généraliste
5374,608,2025-06-10,généraliste
5375,1915,2022-12-24,urgences
5376,43,2022-05-29,généraliste
5377,1826,2024-12-16,généraliste
5378,969,2025-03-18,généraliste
5379,1523,2023-08-28,généraliste
5380,993,2023-08-28,généraliste
5381,1039,2025-09-09,généraliste
5382,377,2025-04-11,urgences
5383,276,2021-06-23,urgences
5384,308,2023-04-30,pédiatre
5385,1480,2023-09-28,pédiatre
5386,2215,2023-01-19,urgences
5387,173,2020-03-01,généraliste
5388,2189,2023-12-05,pédiatre
5389,1791,2023-02-28,généraliste
5390,1798,2024-09-04,urgences
5391,1886,2025-02-01,urgences
5392,1753,2025-11-01,généraliste
5393,110,2025-05-21,généraliste
5394,1373,2021-07-01,urgences
5395,1783,2023-05-14,généraliste
5396,2091,2024-07-15,pédiatre
5397,1797,2025-07-07,généraliste
5398,890,2023-04-15,urgences
5399,2132,2025-10-31,pédiatre
5400,1997,2019-08-01,généraliste
5401,1273,2025-08-06,urgences
5402,187,2025-11-30,urgences
5403,895,2021-03-28,urgences
5404,900,2024-01-16,généraliste
5405,249,2019-10-09,généraliste
5406,791,2021-06-07,généraliste
5407,2091,2025-08-14,pédiatre
5408,1850,2022-05-14,pédiatre
5409,1099,2024-08-13,pédiatre
5410,1845,2024-08-28,généraliste
5411,2313,2022-03-08,pédiatre
5412,2423,2022-07-06,urgences
5413,57,2021-01-07,généraliste
5414,1897,2025-04-21,généraliste
5415,1367,2020-09-22,généraliste
5416,22,2025-09-06,généraliste
5417,914,2020-12-27,urgences
5418,2053,2025-04-30,urgences
5419,585,2019-03-29,pédiatre
5420,1559,2025-11-02,urgences
5421,2376,2020-04-24,urgences
5422,2287,2025-09-03,généraliste
5423,14,2025-04-11,urgences
5424,2302,2024-05-11,urgences
5425,2237,2022-10-05,généraliste
5426,568,2024-09-19,généraliste
5427,10,2024-06-03,pédiatre
5428,2257,2022-06-28,pédiatre
5429,2220,2023-02-12,urgences
5430,198,2020-03-18,pédiatre
5431,1214,2023-05-26,généraliste
5432,1109,2022-10-21,urgences
5433,466,2020-06-09,pédiatre
5434,58,2025-12-21,pneumologue
5435,2054,2024-08-26,pédiatre
5436,1603,2024-07-10,généraliste
5437,1025,2022-06-05,généraliste
5438,128,2023-04-09,pédiatre
5439,2009,2022-10-01,urgences
5440,1619,2025-05-08,pneumologue
5441,1168,2022-04-26,généraliste
5442,4,2020-02-18,pédiatre
5443,1116,2025-04-18,généraliste
5444,297,2022-01-13,généraliste
5445,1371,2024-06-08,urgences
5446,1782,2024-02-29,généraliste
5447,646,2020-12-31,généraliste
5448,1113,2022-06-21,généraliste
5449,1509,2023-10-04,généraliste
5450,588,2019-06-26,généraliste
5451,1677,2025-06-11,généraliste
5452,717,2024-02-12,généraliste
5453,1634,2025-05-03,généraliste
5454,739,2025-07-02,urgences
5455,460,2022-02-18,pneumologue
5456,823,2025-10-08,pédiatre
5457,1052,2022-08-01,généraliste
5458,888,2021-10-20,urgences
5459,2206,2019-04-18,urgences
5460,989,2021-03-16,généraliste
5461,1774,2025-07-08,urgences
5462,1927,2023-02-17,pédiatre
5463,660,2021-10-06,urgences
5464,1115,2021-12-08,pédiatre
5465,954,2023-01-16,pédiatre
5466,481,2023-04-16,urgences
5467,1595,2024-08-22,urgences
5468,1554,2022-06-27,généraliste
5469,1740,2022-10-28,urgences
5470,85,2023-10-01,urgences
5471,884,2019-11-23,urgences
5472,2491,2024-03-26,urgences
5473,567,2019-04-04,urgences
5474,2376,2023-06-01,urgences
5475,121,2022-11-25,urgences
5476,735,2024-09-14,généraliste
5477,1422,2022-09-10,pédiatre
5478,395,2024-10-19,pneumologue
5479,288,2025-06-08,pédiatre
5480,2432,2019-12-11,urgences
5481,2377,2024-05-03,pneumologue
5482,2092,2025-03-31,pneumologue
5483,1684,2022-04-03,pédiatre
5484,752,2021-07-21,pédiatre
5485,2064,2021-06-15,urgences
5486,450,2023-01-20,urgences
5487,1470,2025-12-25,urgences
5488,765,2025-11-14,pédiatre
5489,1112,2020-07-28,pédiatre
5490,421,2024-06-29,urgences
5491,1773,2022-12-26,urgences
5492,97,2020-07-17,urgences
5493,1688,2023-07-06,pneumologue
5494,55,2019-06-28,pédiatre
5495,830,2024-01-17,urgences
5496,752,2023-07-22,pédiatre
5497,982,2024-05-07,généraliste
5498,975,2020-01-11,généraliste
5499,1068,2025-05-28,pédiatre
5500,2381,2024-06-06,urgences
5501,205,2024-07-11,urgences
5502,1276,2025-10-16,urgences
5503,633,2025-11-04,urgences
5504,2065,2022-04-02,urgences
5505,2239,2025-05-27,généraliste
5506,205,2024-06-04,généraliste
5507,292,2020-03-23,pédiatre
5508,542,2022-08-25,pédiatre
5509,1936,2022-08-08,généraliste
5510,2157,2024-06-14,urgences
5511,598,2020-10-26,pneumologue
5512,1177,2025-12-16,généraliste
5513,1112,2024-02-12,pédiatre
5514,932,2025-12-08,pédiatre
5515,476,2023-12-01,pédiatre
5516,1941,2024-03-30,urgences
5517,1402,2020-07-30,généraliste
5518,2500,2025-06-16,pneumologue
5519,241,2020-11-17,urgences
5520,1140,2023-08-23,pédiatre
5521,1444,2023-01-09,généraliste
5522,256,2025-05-14,généraliste
5523,1323,2019-02-22,généraliste
5524,202,2023-09-20,pédiatre
5525,897,2023-08-10,généraliste
5526,986,2023-10-12,généraliste
5527,2446,2022-07-20,pédiatre
5528,1399,2020-12-21,urgences
5529,1329,2023-05-24,pédiatre
5530,1457,2022-04-17,urgences
5531,2401,2024-11-26,pédiatre
5532,2459,2023-08-07,pédiatre
5533,30,2023-11-21,pédiatre
5534,832,2022-10-30,pédiatre
5535,110,2022-09-20,pédiatre
5536,881,2019-05-14,urgences
5537,150,2025-01-05,pédiatre
5538,941,2019-07-15,généraliste
5539,478,2025-04-01,généraliste
5540,2142,2024-02-18,pédiatre
5541,2050,2021-03-20,généraliste
5542,158,2019-11-06,urgences
5543,652,2025-04-02,pédiatre
5544,1303,2024-09-24,généraliste
5545,1912,2025-07-25,pneumologue
5546,179,2025-11-15,pneumologue
5547,708,2020-08-04,généraliste
5548,1669,2022-12-02,pneumologue
5549,966,2019-02-03,généraliste
5550,828,2023-06-28,généraliste
5551,784,2020-01-11,urgences
5552,1613,2023-10-04,pédiatre
5553,1593,2025-11-16,pédiatre
5554,1904,2025-03-10,urgences
5555,110,2022-12-02,urgences
5556,810,2025-11-29,généraliste
5557,1608,2025-09-02,pédiatre
5558,1425,2020-01-12,généraliste
5559,2229,2024-11-08,pédiatre
5560,939,2025-09-25,pédiatre
5561,1662,2024-05-06,généraliste
5562,496,2020-02-15,généraliste
5563,1242,2022-06-11,pédiatre
5564,122,2019-11-25,urgences
5565,1397,2020-05-28,urgences
5566,1544,2025-10-29,urgences
5567,111,2023-06-05,pédiatre
5568,765,2024-07-27,urgences
5569,1939,2024-10-16,urgences
5570,1484,2020-08-01,généraliste
5571,59,2020-07-14,urgences
5572,1784,2024-10-16,pédiatre
5573,2058,2024-09-03,urgences
5574,1859,2024-07-24,pédiatre
5575,793,2024-07-17,généraliste
5576,1707,2023-10-06,pneumologue
5577,20,2021-01-04,urgences
5578,2486,2019-05-27,urgences
5579,1573,2025-08-03,généraliste
5580,1712,2021-09-25,généraliste
5581,913,2025-12-06,pédiatre
5582,2273,2024-10-04,généraliste
5583,875,2020-05-15,pédiatre
5584,1587,2022-02-18,pédiatre
5585,776,2025-11-09,généraliste
5586,1484,2024-08-02,urgences
5587,1364,2025-07-22,urgences
5588,1327,2025-06-29,généraliste
5589,497,2024-10-10,pédiatre
5590,465,2021-11-06,pédiatre
5591,524,2025-10-23,pédiatre
5592,940,2022-12-01,urgences
5593,1188,2024-07-03,généraliste
5594,1968,2022-08-15,généraliste
5595,930,2020-07-13,pédiatre
5596,492,2025-08-25,pédiatre
5597,1954,2020-03-21,pédiatre
5598,875,2024-03-20,urgences
5599,1067,2025-03-05,généraliste
5600,1532,2023-11-08,généraliste
5601,1496,2025-05-13,pédiatre
5602,1503,2024-06-30,généraliste
5603,404,2024-05-29,urgences
5604,1288,2021-12-08,urgences
5605,60,2025-12-08,pédiatre
5606,1431,2025-05-01,pédiatre
5607,548,2020-09-07,urgences
5608,1537,2025-06-06,pédiatre
5609,5,2022-01-07,urgences
5610,612,2024-10-15,pédiatre
5611,1257,2025-04-25,pédiatre
5612,2127,2023-08-20,généraliste
5613,194,2020-07-09,urgences
5614,242,2024-12-16,urgences
5615,949,2025-11-13,pneumologue
5616,1655,2020-03-27,pédiatre
5617,2153,2019-11-11,pédiatre
5618,1272,2020-11-10,pédiatre
5619,1554,2024-06-07,pédiatre
5620,2387,2025-08-29,urgences
5621,902,2025-07-08,urgences
5622,1477,2025-02-18,urgences
5623,859,2023-01-14,généraliste
5624,2485,2020-09-19,pédiatre
5625,2330,2019-06-12,pédiatre
5626,255,2022-12-28,pédiatre
5627,2144,2019-07-21,urgences
5628,2489,2020-12-13,pneumologue
5629,327,2021-06-17,urgences
5630,999,2019-10-17,urgences
5631,183,2020-01-21,pneumologue
5632,37,2025-05-23,urgences
5633,365,2021-03-27,généraliste
5634,1607,2025-07-17,pédiatre
5635,2441,2024-06-29,pneumologue
5636,186,2025-06-15,urgences
5637,863,2022-05-22,urgences
5638,970,2025-10-10,généraliste
5639,568,2024-04-19,urgences
5640,1532,2022-07-07,pédiatre
5641,404,2024-02-13,pneumologue
5642,1272,2020-01-26,pédiatre
5643,1744,2025-07-22,pneumologue
5644,2045,2025-07-21,urgences
5645,1975,2022-10-06,généraliste
5646,1016,2021-02-03,généraliste
5647,795,2025-06-02,généraliste
5648,213,2019-12-27,pédiatre
5649,1899,2024-08-07,urgences
5650,1801,2021-06-07,généraliste
5651,184,2022-09-18,généraliste
5652,803,2024-07-10,pédiatre
5653,1451,2023-11-17,généraliste
5654,1734,2021-01-11,généraliste
5655,1600,2024-04-25,pédiatre
5656,1137,2025-01-19,généraliste
5657,1746,2024-04-06,généraliste
5658,572,2025-11-20,urgences
5659,2066,2025-03-17,urgences
5660,2489,2021-04-29,pédiatre
5661,9,2022-08-20,pédiatre
5662,1971,2025-02-22,pédiatre
5663,28,2025-03-12,pédiatre
5664,2101,2021-10-31,généraliste
5665,1146,2019-12-26,pédiatre
5666,1027,2025-12-05,urgences
5667,2007,2025-04-26,généraliste
5668,863,2023-02-01,pédiatre
5669,1861,2022-07-26,pédiatre
5670,535,2025-06-05,généraliste
5671,1166,2025-11-30,urgences
5672,1415,2024-07-08,généraliste
5673,1968,2023-10-25,urgences
5674,1048,2019-11-24,pédiatre
5675,1110,2025-05-30,urgences
5676,956,2021-12-03,généraliste
5677,2459,2024-09-19,généraliste
5678,1868,2021-01-03,pédiatre
5679,612,2024-08-14,urgences
5680,321,2019-09-09,urgences
5681,2464,2020-05-20,généraliste
5682,2040,2023-08-22,pneumologue
5683,1467,2024-03-09,urgences
5684,1282,2022-05-12,généraliste
5685,1826,2024-05-07,urgences
5686,162,2024-12-12,urgences
5687,756,2025-11-12,pédiatre
5688,2362,2025-10-25,urgences
5689,2232,2025-08-01,généraliste
5690,2029,2023-02-06,généraliste
5691,1242,2023-03-27,généraliste
5692,630,2025-04-11,urgences
5693,979,2024-10-02,pédiatre
5694,884,2025-02-26,urgences
5695,1939,2025-04-03,urgences
5696,1432,2024-12-18,généraliste
5697,972,2019-01-12,généraliste
5698,1197,2025-12-25,urgences
5699,1943,2020-05-13,urgences
5700,2479,2024-02-11,urgences
5701,388,2019-11-11,urgences
5702,2080,2023-11-19,urgences
5703,2095,2025-07-09,généraliste
5704,957,2025-08-10,généraliste
5705,1915,2023-08-01,généraliste
5706,1762,2023-11-25,généraliste
5707,2416,2019-08-11,urgences
5708,1826,2025-08-31,pédiatre
5709,2409,2022-05-09,pédiatre
5710,432,2024-06-28,urgences
5711,1882,2024-01-20,généraliste
5712,1757,2020-05-04,pédiatre
5713,796,2024-12-07,pédiatre
5714,325,2022-03-28,pédiatre
5715,1426,2022-04-21,pédiatre
5716,584,2022-08-04,généraliste
5717,1354,2019-10-12,généraliste
5718,757,2025-06-29,généraliste
5719,1810,2019-04-09,généraliste
5720,692,2020-12-18,généraliste
5721,1002,2024-05-08,urgences
5722,2319,2025-06-17,pneumologue
5723,1845,2024-12-31,pneumologue
5724,416,2023-06-06,pédiatre
5725,1472,2022-01-18,pédiatre
5726,1510,2025-02-08,généraliste
5727,295,2023-01-26,généraliste
5728,1345,2023-08-23,généraliste
5729,243,2024-12-10,pédiatre
5730,1012,2024-10-09,urgences
5731,1430,2025-06-09,généraliste
5732,368,2021-05-09,pédiatre
5733,250,2022-04-20,pédiatre
5734,2146,2025-04-24,généraliste
5735,1556,2023-07-26,urgences
5736,1402,2023-06-24,pédiatre
5737,1363,2025-05-29,urgences
5738,2043,2020-06-17,généraliste
5739,134,2023-10-08,généraliste
5740,2359,2022-04-09,pédiatre
5741,220,2022-11-05,pédiatre
5742,1783,2024-04-14,généraliste
5743,1606,2022-10-11,pédiatre
5744,2312,2024-01-06,pneumologue
5745,1305,2019-01-09,pédiatre
5746,1405,2025-07-29,généraliste
5747,2003,2022-08-25,pneumologue
5748,1879,2023-05-30,pédiatre
5749,35,2025-11-15,généraliste
5750,1533,2023-08-25,généraliste
5751,221,2020-06-27,urgences
5752,93,2020-09-12,pneumologue
5753,922,2024-09-23,pédiatre
5754,538,2023-08-10,urgences
5755,1619,2025-10-12,pédiatre
5756,1608,2025-06-15,urgences
5757,281,2025-04-25,urgences
5758,1358,2019-02-26,généraliste
5759,2067,2025-03-19,pédiatre
5760,2242,2024-02-02,pédiatre
5761,1989,2020-03-14,généraliste
5762,78,2025-11-03,urgences
5763,2358,2019-08-09,pédiatre
5764,1167,2024-02-08,généraliste
5765,1242,2024-07-12,urgences
5766,46,2020-04-15,urgences
5767,680,2025-07-30,pédiatre
5768,394,2020-08-16,pédiatre
5769,2139,2024-08-02,urgences
5770,693,2024-02-21,généraliste
5771,1483,2025-10-14,pédiatre
5772,2312,2023-11-20,pneumologue
5773,69,2025-05-08,urgences
5774,2050,2021-03-16,généraliste
5775,313,2025-09-14,pédiatre
5776,2478,2022-09-25,généraliste
5777,2040,2023-11-20,pneumologue
5778,1740,2024-01-26,pédiatre
5779,420,2022-04-16,urgences
5780,2400,2024-08-19,pédiatre
5781,1123,2024-01-30,pneumologue
5782,2136,2022-01-20,pneumologue
5783,1117,2022-04-01,généraliste
5784,85,2023-01-25,pédiatre
5785,1590,2020-09-23,généraliste
5786,263,2025-02-05,pédiatre
5787,487,2025-04-11,urgences
5788,778,2025-09-23,pédiatre
5789,2172,2025-05-01,pneumologue
5790,420,2024-04-02,généraliste
5791,1123,2021-01-26,pneumologue
5792,2316,2025-07-26,pédiatre
5793,578,2019-05-01,pédiatre
5794,1447,2019-08-27,urgences
5795,26,2025-10-09,pédiatre
5796,740,2023-09-25,pédiatre
5797,948,2020-08-11,généraliste
5798,2064,2020-12-05,généraliste
5799,1973,2023-10-01,urgences
5800,882,2023-01-30,généraliste
5801,1804,2019-08-26,urgences
5802,246,2025-04-09,urgences
5803,1818,2024-02-26,pneumologue
5804,2263,2025-06-09,généraliste
5805,1414,2024-08-30,généraliste
5806,2439,2025-09-27,généraliste
5807,1872,2023-06-10,pédiatre
5808,582,2023-10-25,généraliste
5809,212,2021-02-07,pédiatre
5810,2250,2023-08-26,généraliste
5811,2222,2023-09-20,pédiatre
5812,2141,2024-10-11,pédiatre
5813,1617,2023-11-25,pédiatre
5814,1651,2025-10-03,urgences
5815,255,2021-08-22,urgences
5816,265,2023-09-18,pédiatre
5817,1907,2023-12-26,urgences
5818,2246,2022-04-05,urgences
5819,2111,2019-05-08,généraliste
5820,2206,2025-04-21,pédiatre
5821,1214,2022-05-25,pédiatre
5822,1754,2020-11-05,pneumologue
5823,769,2024-12-15,généraliste
5824,2138,2025-04-11,pédiatre
5825,346,2025-11-01,pédiatre
5826,2410,2022-09-07,généraliste
5827,119,2025-12-24,pédiatre
5828,2258,2022-10-26,généraliste
5829,1025,2020-08-16,pédiatre
5830,2088,2021-05-13,pneumologue
5831,602,2022-04-01,urgences
5832,262,2025-07-18,pédiatre
5833,2010,2019-11-07,urgences
5834,1286,2025-11-10,généraliste
5835,48,2024-04-11,urgences
5836,2489,2023-04-26,urgences
5837,2015,2021-07-03,pédiatre
5838,166,2024-10-12,pneumologue
5839,1704,2024-09-05,pédiatre
5840,523,2025-01-08,urgences
5841,1720,2022-11-19,généraliste
5842,2115,2023-12-04,pédiatre
5843,254,2024-07-05,urgences
5844,606,2024-06-21,généraliste
5845,2500,2024-11-29,urgences
5846,2500,2024-08-25,pédiatre
5847,1800,2024-07-09,pédiatre
5848,996,2024-02-21,pédiatre
5849,966,2019-01-30,urgences
5850,1932,2020-09-26,généraliste
5851,2373,2025-10-17,généraliste
5852,867,2024-06-17,pédiatre
5853,1977,2019-05-22,urgences
5854,720,2022-05-14,urgences
5855,1244,2023-04-20,généraliste
5856,2312,2024-01-13,pneumologue
5857,1157,2025-02-09,généraliste
5858,1177,2025-07-30,pédiatre
5859,818,2023-06-12,généraliste
5860,1824,2024-04-18,généraliste
5861,493,2020-12-23,pédiatre
5862,22,2025-10-02,urgences
5863,2240,2024-09-11,généraliste
5864,778,2024-01-31,généraliste
5865,2204,2023-01-29,généraliste
5866,2471,2025-02-18,pédiatre
5867,465,2025-09-10,pédiatre
5868,1560,2021-09-24,pneumologue
5869,617,2022-05-06,généraliste
5870,1530,2025-11-02,urgences
5871,95,2023-01-20,urgences
5872,1027,2023-10-28,pédiatre
5873,2302,2024-10-18,urgences
5874,2065,2022-12-25,pédiatre
5875,283,2025-08-28,généraliste
5876,2452,2024-07-03,urgences
5877,600,2025-07-05,urgences
5878,128,2022-08-10,pédiatre
5879,656,2019-07-21,urgences
5880,2092,2024-08-10,urgences
5881,1626,2019-03-25,pédiatre
5882,2396,2022-12-13,pédiatre
5883,1998,2024-07-12,généraliste
5884,2357,2021-10-29,pédiatre
5885,2452,2020-06-18,pédiatre
5886,644,2023-08-02,urgences
5887,67,2024-05-19,pneumologue
5888,387,2025-05-09,généraliste
5889,1292,2019-05-17,pédiatre
5890,1955,2019-12-23,généraliste
5891,164,2021-02-11,urgences
5892,2098,2021-10-23,urgences
5893,2057,2021-05-03,pédiatre
5894,1590,2024-11-28,généraliste
5895,1815,2023-08-08,pédiatre
5896,2303,2021-03-25,urgences
5897,1654,2024-12-16,urgences
5898,1917,2025-02-19,généraliste
5899,125,2025-10-28,urgences
5900,161,2019-02-03,urgences
5901,1328,2019-06-13,généraliste
5902,2087,2025-04-16,urgences
5903,2234,2025-08-08,urgences
5904,58,2025-10-16,pneumologue
5905,45,2022-03-26,urgences
5906,1494,2024-08-10,pneumologue
5907,1338,2024-12-14,urgences
5908,2378,2024-12-24,pédiatre
5909,1937,2019-04-11,généraliste
5910,1908,2023-12-21,pédiatre
5911,1147,2025-08-12,pédiatre
5912,247,2023-06-29,pédiatre
5913,232,2024-05-03,urgences
5914,2029,2021-09-27,urgences
5915,2497,2022-02-15,généraliste
5916,2383,2021-01-28,urgences
5917,1390,2024-07-31,urgences
5918,879,2024-02-19,pédiatre
5919,1911,2024-04-19,pneumologue
5920,22,2025-12-21,pédiatre
5921,1179,2025-07-22,généraliste
5922,658,2022-02-21,urgences
5923,668,2023-04-18,pédiatre
5924,1806,2025-10-12,généraliste
5925,2482,2024-10-07,pneumologue
5926,86,2025-12-16,pédiatre
5927,1748,2020-09-04,urgences
5928,1746,2021-12-17,pédiatre
5929,180,2024-07-01,généraliste
5930,1180,2025-06-29,généraliste
5931,1938,2021-08-30,urgences
5932,66,2025-03-13,généraliste
5933,1505,2025-12-13,généraliste
5934,1040,2025-11-07,pédiatre
5935,86,2024-11-28,urgences
5936,532,2022-10-08,pédiatre
5937,2084,2019-07-27,pédiatre
5938,1921,2024-11-15,pneumologue
5939,1144,2023-05-15,pédiatre
5940,363,2024-08-29,urgences
5941,2291,2025-11-25,généraliste
5942,658,2023-04-20,pneumologue
5943,1820,2019-02-01,généraliste
5944,1690,2023-04-13,généraliste
5945,1433,2023-11-24,pédiatre
5946,2155,2025-01-07,pédiatre
5947,981,2021-03-04,urgences
5948,974,2024-06-25,urgences
5949,141,2024-10-05,pédiatre
5950,1035,2024-04-19,urgences
5951,1242,2022-06-19,pédiatre
5952,2113,2020-01-02,généraliste
5953,2253,2025-08-08,urgences
5954,2467,2025-10-19,urgences
5955,1340,2023-02-28,urgences
5956,622,2022-05-27,généraliste
5957,1800,2025-04-07,généraliste
5958,2346,2025-11-10,généraliste
5959,817,2025-01-30,pédiatre
5960,2475,2023-03-04,généraliste
5961,2353,2025-08-09,pédiatre
5962,179,2025-05-09,généraliste
5963,1654,2025-01-17,pédiatre
5964,552,2023-02-07,généraliste
5965,1708,2025-10-11,urgences
5966,1418,2024-10-05,pédiatre
5967,2298,2024-01-24,généraliste
5968,1488,2025-03-23,urgences
5969,2098,2021-10-03,urgences
5970,1199,2022-11-15,urgences
5971,929,2024-06-10,pédiatre
5972,1540,2024-07-22,généraliste
5973,757,2020-07-04,pédiatre
5974,149,2025-02-19,généraliste
5975,1397,2021-09-15,généraliste
5976,2226,2024-04-17,pédiatre
5977,262,2024-12-23,pédiatre
5978,429,2024-09-09,pédiatre
5979,604,2022-12-25,urgences
5980,1620,2019-08-26,généraliste
5981,324,2022-11-14,généraliste
5982,1794,2019-09-10,pédiatre
5983,163,2019-12-12,généraliste
5984,2384,2024-12-11,urgences
5985,2477,2022-01-26,pédiatre
5986,2467,2023-10-17,pédiatre
5987,1584,2024-08-20,urgences
5988,134,2025-11-27,urgences
5989,677,2024-09-01,pédiatre
5990,503,2022-08-02,pédiatre
5991,669,2019-11-15,généraliste
5992,156,2023-10-06,pneumologue
5993,2451,2025-08-25,pédiatre
5994,922,2024-04-14,pédiatre
5995,306,2020-01-15,pédiatre
5996,2236,2025-08-24,pédiatre
5997,1654,2025-11-12,pneumologue
5998,611,2019-02-07,généraliste
5999,727,2019-10-02,urgences
6000,2255,2025-04-08,généraliste
6001,2220,2024-12-27,urgences
6002,343,2023-11-16,pédiatre
6003,1630,2020-09-08,urgences
6004,449,2024-12-22,urgences
6005,739,2025-07-29,généraliste
6006,1845,2025-10-28,pneumologue
6007,382,2024-03-23,généraliste
6008,604,2025-10-26,pneumologue
6009,952,2021-08-29,généraliste
6010,452,2025-04-06,urgences
6011,2083,2025-06-10,pneumologue
6012,2325,2023-08-08,urgences
6013,1081,2025-04-30,pédiatre
6014,683,2024-11-16,généraliste
6015,907,2023-09-01,pneumologue
6016,1289,2024-02-16,généraliste
6017,2292,2022-04-04,pédiatre
6018,1771,2022-12-07,urgences
6019,601,2019-06-18,urgences
6020,2171,2025-06-30,pédiatre
6021,1482,2024-04-17,urgences
6022,1789,2023-11-28,généraliste
6023,1820,2020-11-21,urgences
6024,2011,2025-03-09,pédiatre
6025,1974,2025-08-10,généraliste
6026,998,2021-08-21,pédiatre
6027,923,2020-01-26,pédiatre
6028,1505,2024-03-26,urgences
6029,949,2024-04-18,pédiatre
6030,309,2023-04-08,pédiatre
6031,164,2024-07-20,pédiatre
6032,686,2022-03-05,urgences
6033,1494,2024-04-03,généraliste
6034,396,2023-09-20,urgences
6035,2181,2024-06-14,pneumologue
6036,795,2022-09-18,urgences
6037,824,2020-03-20,pédiatre
6038,1911,2024-07-22,pédiatre
6039,2330,2020-12-27,urgences
6040,243,2019-06-27,urgences
6041,230,2019-12-21,généraliste
6042,1433,2020-06-21,généraliste
6043,599,2024-10-28,urgences
6044,1610,2021-10-02,pédiatre
6045,2283,2023-01-17,généraliste
6046,2055,2024-01-18,urgences
6047,825,2023-02-10,urgences
6048,1556,2019-08-01,urgences
6049,1542,2025-05-20,pneumologue
6050,283,2025-04-07,généraliste
6051,2360,2020-04-03,pédiatre
6052,387,2024-01-15,pneumologue
6053,4,2019-10-12,généraliste
6054,1508,2023-09-08,généraliste
6055,1944,2025-08-29,généraliste
6056,303,2023-09-30,urgences
6057,1801,2025-04-19,urgences
6058,1926,2019-04-20,pédiatre
6059,1297,2020-09-29,pédiatre
6060,2430,2025-04-19,urgences
6061,2456,2021-08-04,généraliste
6062,1258,2025-10-12,urgences
6063,99,2024-07-16,généraliste
6064,815,2023-01-31,généraliste
6065,2257,2023-02-18,urgences
6066,1480,2025-05-05,urgences
6067,821,2022-12-10,généraliste
6068,1693,2024-06-14,pédiatre
6069,569,2023-05-27,urgences
6070,1238,2019-10-25,généraliste
6071,608,2025-07-28,pédiatre
6072,218,2024-02-17,urgences
6073,1419,2023-03-08,généraliste
6074,375,2019-02-27,urgences
6075,783,2024-09-16,pédiatre
6076,1443,2019-03-03,généraliste
6077,2471,2025-08-25,généraliste
6078,1039,2025-12-27,généraliste
6079,648,2025-01-12,généraliste
6080,1021,2023-01-22,pédiatre
6081,1549,2021-05-19,pédiatre
6082,2171,2019-12-23,généraliste
6083,2285,2023-04-15,généraliste
6084,1136,2020-10-31,généraliste
6085,687,2025-09-12,pédiatre
6086,1380,2019-08-26,urgences
6087,2088,2021-12-08,pédiatre
6088,1262,2019-09-01,généraliste
6089,162,2020-08-08,généraliste
6090,947,2025-08-07,urgences
6091,1267,2020-06-08,pédiatre
6092,2062,2023-01-05,pédiatre
6093,1076,2021-11-13,généraliste
6094,14,2025-11-29,pédiatre
6095,2058,2022-11-30,urgences
6096,431,2024-06-11,urgences
6097,1549,2022-10-25,pédiatre
6098,1997,2022-04-11,urgences
6099,1695,2021-05-05,pédiatre
6100,407,2020-09-21,généraliste
6101,516,2023-09-25,généraliste
6102,2104,2024-05-24,généraliste
6103,1918,2025-07-12,généraliste
6104,775,2025-12-09,pédiatre
6105,417,2025-01-15,généraliste
6106,1592,2024-07-21,généraliste
6107,2020,2024-05-24,pédiatre
6108,134,2024-08-31,généraliste
6109,775,2024-03-12,urgences
6110,1294,2024-11-04,pneumologue
6111,2151,2019-02-08,généraliste
6112,2417,2021-05-29,généraliste
6113,2020,2024-11-08,pédiatre
6114,766,2025-07-11,urgences
6115,1804,2024-02-25,généraliste
6116,1701,2024-10-26,pédiatre
6117,1464,2025-02-28,pneumologue
6118,1318,2025-12-04,généraliste
6119,2220,2020-11-05,pédiatre
6120,554,2019-02-24,pédiatre
6121,766,2025-09-21,urgences
6122,50,2019-01-05,urgences
6123,2009,2021-08-20,urgences
6124,1669,2023-12-24,urgences
6125,180,2021-06-15,généraliste
6126,2473,2024-02-27,généraliste
6127,819,2025-11-08,généraliste
6128,2415,2020-03-29,pédiatre
6129,1474,2025-05-01,généraliste
6130,1147,2023-06-16,généraliste
6131,1001,2022-05-11,urgences
6132,2132,2024-04-01,pneumologue
6133,1633,2025-01-24,généraliste
6134,465,2020-06-16,pédiatre
6135,538,2023-10-04,pédiatre
6136,1656,2019-03-18,urgences
6137,1252,2020-12-22,généraliste
6138,768,2021-10-30,urgences
6139,446,2020-05-20,pédiatre
6140,2273,2023-10-30,urgences
6141,248,2025-07-13,généraliste
6142,630,2024-08-06,pédiatre
6143,1027,2025-02-13,pédiatre
6144,1472,2025-11-03,urgences
6145,446,2023-12-29,urgences
6146,425,2024-12-09,généraliste
6147,2319,2024-04-02,urgences
6148,1407,2022-12-04,généraliste
6149,1582,2020-06-11,pédiatre
6150,347,2019-09-02,pédiatre
6151,938,2021-02-18,urgences
6152,1978,2020-02-16,pédiatre
6153,79,2019-08-19,pédiatre
6154,2007,2023-12-08,généraliste
6155,2157,2025-10-20,pédiatre
6156,2065,2021-05-28,urgences
6157,520,2024-10-20,pédiatre
6158,1608,2025-10-21,pédiatre
6159,1305,2025-08-23,urgences
6160,503,2023-05-09,pédiatre
6161,1287,2025-03-01,pneumologue
6162,1478,2021-08-18,généraliste
6163,1873,2022-12-02,pneumologue
6164,1177,2025-12-09,généraliste
6165,58,2025-11-03,urgences
6166,1540,2024-06-01,urgences
6167,2475,2021-08-27,pneumologue
6168,2092,2024-07-26,pédiatre
6169,826,2020-10-25,généraliste
6170,572,2023-07-20,urgences
6171,337,2023-10-12,pédiatre
6172,2026,2025-11-26,généraliste
6173,418,2022-04-22,urgences
6174,357,2024-12-31,pédiatre
6175,763,2024-09-10,pneumologue
6176,2081,2024-05-14,généraliste
6177,384,2024-05-03,urgences
6178,172,2021-10-01,généraliste
6179,678,2022-12-24,généraliste
6180,630,2025-07-28,urgences
6181,1755,2020-12-25,pédiatre
6182,1566,2023-04-20,urgences
6183,1640,2025-05-21,généraliste
6184,100,2023-09-04,pneumologue
6185,660,2024-02-07,généraliste
6186,1606,2024-04-02,urgences
6187,1322,2022-06-22,généraliste
6188,60,2025-04-02,urgences
6189,1553,2021-04-29,pédiatre
6190,1084,2020-10-16,urgences
6191,313,2022-06-19,généraliste
6192,2046,2025-03-27,pédiatre
6193,61,2019-02-27,pédiatre
6194,1375,2023-09-25,urgences
6195,761,2021-11-21,généraliste
6196,2229,2024-07-05,pneumologue
6197,363,2025-04-20,urgences
6198,1646,2025-04-22,généraliste
6199,393,2020-03-13,généraliste
6200,739,2024-03-11,pédiatre
6201,1124,2023-09-11,pédiatre
6202,1734,2023-02-01,urgences
6203,184,2019-05-07,pédiatre
6204,1643,2023-11-08,pneumologue
6205,2136,2024-12-19,pneumologue
6206,446,2023-03-22,urgences
6207,511,2023-12-29,pédiatre
6208,1191,2021-02-02,urgences
6209,357,2025-08-17,pneumologue
6210,419,2024-06-05,urgences
6211,370,2022-05-18,pédiatre
6212,2296,2019-04-22,urgences
6213,2394,2024-04-12,généraliste
6214,370,2019-02-22,généraliste
6215,970,2025-11-15,pneumologue
6216,2062,2021-02-02,généraliste
6217,1778,2023-07-26,pédiatre
6218,1764,2022-02-26,généraliste
6219,1130,2022-07-21,urgences
6220,436,2023-05-02,urgences
6221,2260,2025-07-27,généraliste
6222,1575,2025-06-10,pédiatre
6223,408,2025-05-20,généraliste
6224,1695,2025-03-27,pneumologue
6225,1654,2025-08-15,urgences
6226,1223,2019-03-12,pédiatre
6227,439,2024-10-31,généraliste
6228,1018,2023-05-10,généraliste
6229,1009,2025-12-29,pédiatre
6230,1611,2025-03-31,généraliste
6231,1811,2025-10-20,pneumologue
6232,1952,2020-09-10,généraliste
6233,1228,2022-11-04,généraliste
6234,1821,2025-06-22,pneumologue
6235,1371,2019-09-29,urgences
6236,1861,2020-03-27,généraliste
6237,660,2022-02-14,pédiatre
6238,314,2025-08-12,généraliste
6239,1346,2024-08-09,urgences
6240,1986,2025-07-01,pédiatre
6241,965,2025-08-20,pédiatre
6242,1904,2023-08-22,généraliste
6243,1705,2024-05-16,urgences
6244,1102,2021-09-29,généraliste
6245,160,2025-07-11,pédiatre
6246,2311,2025-04-22,urgences
6247,2207,2022-01-20,urgences
6248,2338,2024-07-09,pneumologue
6249,1045,2025-08-17,pédiatre
6250,949,2023-12-12,pédiatre
6251,1800,2022-12-21,pédiatre
6252,1645,2020-06-23,urgences
6253,263,2022-05-30,pédiatre
6254,421,2025-12-05,pédiatre
6255,1084,2023-08-19,pédiatre
6256,1963,2020-09-03,urgences
6257,1838,2025-08-22,urgences
6258,848,2025-01-20,pneumologue
6259,543,2025-10-25,généraliste
6260,563,2024-09-30,urgences
6261,879,2019-06-21,généraliste
6262,1915,2025-12-06,pneumologue
6263,1368,2025-11-01,urgences
6264,1952,2024-07-04,généraliste
6265,2108,2024-07-26,urgences
6266,1470,2024-04-09,pédiatre
6267,3,2021-12-19,généraliste
6268,427,2025-09-02,urgences
6269,1251,2025-07-07,généraliste
6270,12,2025-10-20,pédiatre
6271,621,2019-05-25,pédiatre
6272,2024,2025-11-18,pédiatre
6273,845,2025-12-26,urgences
6274,2003,2025-02-17,généraliste
6275,815,2024-06-24,généraliste
6276,1320,2025-05-24,pédiatre
6277,1026,2022-06-16,pédiatre
6278,2019,2025-08-27,urgences
6279,1364,2023-07-13,pédiatre
6280,1724,2020-10-18,pédiatre
6281,1204,2021-02-06,généraliste
6282,127,2025-11-04,pédiatre
6283,649,2020-07-14,pédiatre
6284,845,2025-06-19,urgences
6285,1998,2020-07-17,pédiatre
6286,1681,2025-08-07,généraliste
6287,922,2025-01-29,généraliste
6288,1983,2025-10-19,généraliste
6289,1172,2025-12-06,urgences
6290,1586,2024-09-22,urgences
6291,1687,2025-05-08,urgences
6292,638,2023-04-01,urgences
6293,1349,2023-07-16,urgences
6294,414,2023-01-27,généraliste
6295,928,2024-02-10,généraliste
6296,2091,2023-05-24,pneumologue
6297,1458,2022-10-19,pneumologue
6298,254,2025-08-22,généraliste
6299,857,2023-05-28,urgences
6300,736,2019-12-12,urgences
6301,1383,2020-04-30,généraliste
6302,359,2024-08-07,généraliste
6303,1735,2024-01-16,généraliste
6304,2383,2025-01-30,généraliste
6305,2119,2025-12-21,généraliste
6306,535,2025-08-31,généraliste
6307,1629,2022-10-12,généraliste
6308,1983,2025-07-23,urgences
6309,1287,2024-11-06,pneumologue
6310,1793,2020-04-14,pédiatre
6311,1335,2020-06-25,pédiatre
6312,1468,2023-09-27,généraliste
6313,2256,2024-12-28,pédiatre
6314,1841,2025-06-01,généraliste
6315,539,2024-11-17,pédiatre
6316,1512,2025-03-27,urgences
6317,600,2025-05-25,généraliste
6318,2165,2020-02-06,urgences
6319,2117,2021-02-15,urgences
6320,1505,2024-05-20,pneumologue
6321,2222,2025-06-21,généraliste
6322,383,2025-03-30,urgences
6323,2383,2019-10-03,généraliste
6324,1873,2025-11-05,pneumologue
6325,1002,2019-07-24,pédiatre
6326,2384,2021-12-26,pédiatre
6327,430,2025-07-28,urgences
6328,212,2025-10-25,urgences
6329,60,2025-02-22,pédiatre
6330,35,2025-07-26,urgences
6331,2374,2022-08-07,généraliste
6332,1599,2025-09-23,urgences
6333,286,2022-11-21,urgences
6334,2199,2024-08-30,pédiatre
6335,529,2020-09-29,pédiatre
6336,322,2022-02-12,pédiatre
6337,53,2024-08-09,urgences
6338,1798,2024-04-17,pédiatre
6339,1812,2023-08-24,urgences
6340,382,2024-08-29,pédiatre
6341,2316,2025-06-27,urgences
6342,1362,2025-12-29,urgences
6343,2180,2024-11-14,urgences
6344,2105,2024-05-16,pneumologue
6345,314,2025-08-17,pédiatre
6346,297,2025-10-20,généraliste
6347,676,2025-02-14,urgences
6348,747,2025-06-11,pneumologue
6349,652,2025-06-29,urgences
6350,1458,2020-08-17,urgences
6351,286,2022-12-12,pédiatre
6352,2442,2025-09-20,généraliste
6353,1633,2025-03-24,urgences
6354,1830,2022-01-16,urgences
6355,609,2019-03-30,généraliste
6356,1904,2025-07-29,pédiatre
6357,1737,2025-04-16,urgences
6358,1788,2021-02-23,pédiatre
6359,928,2020-12-19,généraliste
6360,1256,2021-06-03,généraliste
6361,352,2020-10-30,pneumologue
6362,492,2020-03-23,généraliste
6363,312,2025-05-06,généraliste
6364,291,2025-08-15,généraliste
6365,239,2020-06-07,urgences
6366,1972,2019-11-09,généraliste
6367,2141,2025-08-09,généraliste
6368,1934,2023-01-29,pédiatre
6369,112,2021-09-20,généraliste
6370,318,2021-08-27,urgences
6371,1639,2025-06-25,urgences
6372,681,2025-02-21,généraliste
6373,201,2025-08-02,pédiatre
6374,1532,2024-07-10,généraliste
6375,1740,2021-11-27,généraliste
6376,179,2025-08-17,pédiatre
6377,1355,2024-07-11,pédiatre
6378,765,2024-05-28,urgences
6379,2399,2024-05-17,généraliste
6380,1735,2024-12-07,urgences
6381,859,2023-12-20,urgences
6382,564,2025-04-16,généraliste
6383,2339,2023-01-20,généraliste
6384,224,2022-12-18,pédiatre
6385,1044,2024-04-26,généraliste
6386,1931,2022-09-06,urgences
6387,965,2024-11-16,urgences
6388,1953,2025-06-30,pédiatre
6389,232,2024-06-27,généraliste
6390,1303,2021-03-29,pédiatre
6391,145,2024-03-11,urgences
6392,2304,2021-09-24,urgences
6393,547,2022-06-28,généraliste
6394,899,2020-04-03,urgences
6395,2133,2023-07-17,urgences
6396,42,2022-03-10,pédiatre
6397,550,2020-01-06,pédiatre
6398,572,2025-10-02,pneumologue
6399,2189,2025-10-17,généraliste
6400,407,2023-03-11,urgences
6401,657,2021-10-15,généraliste
6402,2438,2021-07-10,urgences
6403,2186,2025-05-13,urgences
6404,364,2025-08-28,urgences
6405,288,2025-11-07,pneumologue
6406,1625,2023-08-21,pédiatre
6407,2093,2022-06-20,généraliste
6408,2201,2025-11-06,urgences
6409,2367,2025-08-17,urgences
6410,1353,2019-02-07,urgences
6411,890,2025-05-12,pneumologue
6412,1903,2020-04-18,urgences
6413,736,2022-08-17,généraliste
6414,2194,2025-09-24,pneumologue
6415,1955,2020-06-01,pédiatre
6416,93,2023-01-10,pneumologue
6417,1707,2024-08-06,pédiatre
6418,1454,2024-08-11,pédiatre
6419,1404,2023-12-11,pédiatre
6420,1748,2023-07-18,généraliste
6421,1363,2024-12-05,généraliste
6422,1852,2025-07-27,urgences
6423,736,2020-07-30,généraliste
6424,1782,2020-10-14,généraliste
6425,1923,2024-06-24,urgences
6426,2281,2025-09-14,pneumologue
6427,1546,2021-09-02,pédiatre
6428,930,2023-03-14,urgences
6429,753,2024-05-24,urgences
6430,36,2020-09-18,pédiatre
6431,713,2021-11-14,urgences
6432,1018,2019-01-26,urgences
6433,228,2024-10-05,généraliste
6434,58,2025-10-13,généraliste
6435,828,2025-08-17,généraliste
6436,1020,2025-08-02,pédiatre
6437,572,2023-08-11,pédiatre
6438,687,2025-09-10,pédiatre
6439,2031,2025-01-01,généraliste
6440,2228,2020-03-28,généraliste
6441,1537,2025-09-27,pneumologue
6442,1313,2023-08-10,urgences
6443,4,2019-11-23,généraliste
6444,869,2025-10-16,pédiatre
6445,1443,2019-04-28,pédiatre
6446,918,2021-07-27,urgences
6447,277,2025-10-17,généraliste
6448,1678,2025-09-17,urgences
6449,1890,2023-02-03,pédiatre
6450,1031,2025-02-05,urgences
6451,11,2025-03-31,pédiatre
6452,1180,2024-01-31,pédiatre
6453,2283,2023-05-13,pédiatre
6454,471,2024-04-28,généraliste
6455,1621,2021-12-01,pédiatre
6456,1095,2021-07-12,généraliste
6457,1947,2021-11-12,urgences
6458,1635,2023-03-28,généraliste
6459,774,2023-05-11,pédiatre
6460,2045,2024-07-02,pneumologue
6461,100,2023-01-06,pneumologue
6462,1268,2022-01-12,généraliste
6463,1320,2021-08-08,généraliste
6464,872,2023-05-13,urgences
6465,1190,2025-05-23,généraliste
6466,2193,2019-04-25,généraliste
6467,982,2023-11-28,généraliste
6468,1773,2022-07-30,pédiatre
6469,1276,2020-11-28,urgences
6470,1405,2025-08-02,généraliste
6471,474,2019-10-01,urgences
6472,592,2021-02-08,généraliste
6473,1260,2020-02-28,urgences
6474,1838,2025-06-22,pédiatre
6475,1755,2024-03-03,généraliste
6476,1183,2023-01-02,pédiatre
6477,144,2020-12-08,généraliste
6478,1258,2025-10-17,pédiatre
6479,1352,2024-08-03,pédiatre
6480,2100,2019-10-07,généraliste
6481,1147,2023-10-09,pédiatre
6482,2194,2025-04-05,pédiatre
6483,907,2023-07-28,urgences
6484,802,2024-01-30,pédiatre
6485,820,2020-05-02,pédiatre
6486,756,2023-12-03,pédiatre
6487,498,2023-10-19,pédiatre
6488,517,2025-07-12,urgences
6489,1515,2025-04-04,pédiatre
6490,1981,2021-07-05,urgences
6491,943,2023-12-10,généraliste
6492,839,2021-04-16,pneumologue
6493,1719,2025-12-11,urgences
6494,85,2024-11-26,généraliste
6495,1107,2020-01-03,généraliste
6496,1145,2025-08-21,pédiatre
6497,119,2025-01-03,urgences
6498,608,2025-07-16,pédiatre
6499,445,2024-09-03,urgences
6500,2278,2022-03-22,généraliste
6501,2319,2025-08-27,généraliste
6502,817,2021-11-03,généraliste
6503,1056,2024-03-14,pédiatre
6504,2281,2025-05-03,pédiatre
6505,1383,2024-02-06,urgences
6506,2277,2024-04-02,généraliste
6507,1499,2025-12-14,urgences
6508,819,2025-07-29,pneumologue
6509,604,2022-07-24,pneumologue
6510,13,2024-08-27,généraliste
6511,2162,2024-07-05,urgences
6512,1405,2025-05-26,pneumologue
6513,517,2024-02-12,urgences
6514,2281,2025-08-18,pneumologue
6515,177,2023-03-30,pédiatre
6516,917,2021-10-28,généraliste
6517,2188,2019-09-05,généraliste
6518,105,2020-09-25,pédiatre
6519,543,2022-03-01,généraliste
6520,2298,2025-02-07,pédiatre
6521,1651,2025-11-22,pédiatre
6522,726,2022-07-12,généraliste
6523,81,2025-11-02,généraliste
6524,584,2019-11-03,urgences
6525,377,2024-09-25,généraliste
6526,2037,2020-05-11,généraliste
6527,1048,2022-10-06,pédiatre
6528,1496,2025-09-19,pneumologue
6529,1945,2024-08-15,généraliste
6530,2187,2022-08-02,pédiatre
6531,562,2023-12-16,urgences
6532,1648,2019-10-01,pédiatre
6533,308,2025-04-16,généraliste
6534,1715,2022-06-20,généraliste
6535,1453,2021-12-18,généraliste
6536,1915,2025-05-22,pneumologue
6537,870,2025-08-17,généraliste
6538,2414,2025-12-04,généraliste
6539,817,2019-12-21,urgences
6540,1202,2024-12-15,urgences
6541,709,2023-12-27,pédiatre
6542,1505,2024-01-11,pédiatre
6543,1808,2024-07-03,pédiatre
6544,1700,2021-05-22,pédiatre
6545,1665,2023-02-11,urgences
6546,2426,2022-10-26,généraliste
6547,2091,2023-06-18,pneumologue
6548,2274,2024-08-15,généraliste
6549,1146,2021-02-23,pédiatre
6550,859,2023-06-01,urgences
6551,1523,2020-04-21,urgences
6552,448,2021-03-23,urgences
6553,1830,2024-10-09,généraliste
6554,2110,2020-07-17,urgences
6555,2066,2024-03-31,urgences
6556,209,2021-01-19,généraliste
6557,784,2020-03-09,urgences
6558,523,2020-07-31,pédiatre
6559,1658,2020-07-20,généraliste
6560,1466,2025-11-11,pneumologue
6561,2242,2022-07-06,généraliste
6562,609,2021-08-20,urgences
6563,197,2025-03-26,pneumologue
6564,1646,2025-04-23,pédiatre
6565,1644,2020-05-16,généraliste
6566,2497,2020-08-15,généraliste
6567,208,2020-07-07,pneumologue
6568,326,2022-02-06,urgences
6569,748,2023-01-28,pneumologue
6570,1848,2025-05-27,urgences
6571,90,2025-12-04,urgences
6572,1114,2024-06-21,pédiatre
6573,1515,2025-05-13,généraliste
6574,1237,2022-11-15,urgences
6575,1357,2019-11-22,généraliste
6576,400,2023-10-10,généraliste
6577,2119,2025-12-14,urgences
6578,2406,2025-11-23,urgences
6579,1619,2025-09-06,pneumologue
6580,170,2023-09-01,urgences
6581,630,2023-04-18,pneumologue
6582,894,2019-01-14,généraliste
6583,821,2024-08-09,pédiatre
6584,2034,2023-03-12,pédiatre
6585,2356,2025-08-25,urgences
6586,471,2019-10-09,pédiatre
6587,841,2020-12-11,généraliste
6588,1707,2025-01-11,pneumologue
6589,1487,2019-01-15,pédiatre
6590,406,2025-07-18,généraliste
6591,2402,2025-06-16,pneumologue
6592,2302,2025-04-20,urgences
6593,1547,2025-10-22,urgences
6594,634,2024-09-06,pédiatre
6595,467,2022-11-27,urgences
6596,470,2025-04-20,urgences
6597,616,2025-12-24,généraliste
6598,2264,2020-10-03,urgences
6599,532,2023-07-27,urgences
6600,868,2024-07-09,urgences
6601,1946,2024-02-29,urgences
6602,1446,2024-01-22,pédiatre
6603,1781,2020-10-02,urgences
6604,9,2019-01-03,urgences
6605,2285,2022-10-22,généraliste
6606,104,2024-10-09,pédiatre
6607,2489,2020-10-06,pneumologue
6608,2375,2025-09-27,urgences
6609,2048,2025-03-25,généraliste
6610,282,2023-09-19,pédiatre
6611,76,2025-03-15,urgences
6612,1454,2024-10-03,urgences
6613,583,2019-09-29,pédiatre
6614,1037,2021-02-19,généraliste
6615,222,2025-12-05,urgences
6616,1928,2024-07-27,pédiatre
6617,2219,2022-09-04,pédiatre
6618,125,2024-08-31,urgences
6619,1595,2020-09-22,urgences
6620,1115,2021-06-25,pédiatre
6621,292,2019-06-07,urgences
6622,453,2025-12-15,urgences
6623,929,2021-05-13,urgences
6624,1157,2025-06-22,urgences
6625,277,2025-07-18,pédiatre
6626,1365,2022-08-13,pédiatre
6627,644,2019-07-05,généraliste
6628,1784,2024-05-09,généraliste
6629,229,2020-03-01,généraliste
6630,2453,2025-11-27,généraliste
6631,467,2022-12-15,généraliste
6632,2491,2020-02-26,pédiatre
6633,610,2025-03-07,pédiatre
6634,1037,2021-07-29,urgences
6635,1592,2025-09-13,généraliste
6636,399,2025-07-08,pédiatre
6637,861,2019-09-03,pédiatre
6638,1749,2022-10-25,urgences
6639,2442,2024-11-04,urgences
6640,178,2023-08-03,urgences
6641,1124,2024-01-23,pédiatre
6642,726,2023-09-23,pneumologue
6643,778,2021-05-23,pneumologue
6644,2226,2023-07-29,urgences
6645,405,2020-04-05,urgences
6646,2439,2025-08-15,généraliste
6647,1968,2023-10-14,généraliste
6648,1164,2019-12-02,généraliste
6649,1580,2025-08-31,urgences
6650,827,2020-09-08,généraliste
6651,1845,2025-10-17,pneumologue
6652,2087,2025-11-10,généraliste
6653,455,2020-08-19,généraliste
6654,2172,2025-05-15,pédiatre
6655,1636,2022-05-22,urgences
6656,2171,2024-02-26,généraliste
6657,744,2025-07-07,pédiatre
6658,595,2021-10-16,généraliste
6659,1698,2023-06-17,généraliste
6660,1747,2020-03-17,urgences
6661,539,2025-11-23,pédiatre
6662,1687,2023-08-18,pédiatre
6663,383,2024-02-26,généraliste
6664,239,2020-07-05,urgences
6665,1871,2022-06-17,urgences
6666,1324,2024-05-27,pneumologue
6667,779,2023-01-24,pédiatre
6668,1851,2025-04-28,pneumologue
6669,1984,2021-11-27,pédiatre
6670,1584,2023-06-23,urgences
6671,2418,2024-02-18,généraliste
6672,2392,2024-12-03,généraliste
6673,2079,2021-01-19,généraliste
6674,473,2025-03-03,pédiatre
6675,1010,2025-11-30,urgences
6676,553,2020-07-25,pédiatre
6677,1168,2022-12-30,urgences
6678,1115,2022-06-04,urgences
6679,79,2024-09-09,généraliste
6680,521,2024-02-19,généraliste
6681,200,2023-01-08,urgences
6682,1163,2024-05-21,pédiatre
6683,939,2021-07-05,généraliste
6684,382,2022-04-17,urgences
6685,2425,2025-03-21,généraliste
6686,2127,2024-01-01,pédiatre
6687,1282,2022-03-05,urgences
6688,839,2024-11-10,pédiatre
6689,731,2021-02-12,généraliste
6690,1300,2025-04-18,urgences
6691,949,2025-04-10,pneumologue
6692,989,2023-06-29,généraliste
6693,2103,2024-02-13,pédiatre
6694,2284,2021-08-16,pédiatre
6695,2196,2025-10-29,généraliste
6696,1422,2021-05-08,pédiatre
6697,758,2023-11-29,pédiatre
6698,683,2024-09-28,généraliste
6699,1720,2025-04-30,urgences
6700,1194,2020-05-01,urgences
6701,1821,2025-12-27,urgences
6702,2383,2021-09-18,pédiatre
6703,2374,2021-08-17,pédiatre
6704,141,2024-11-24,pneumologue
6705,678,2025-06-06,pédiatre
6706,1102,2020-04-14,urgences
6707,2408,2022-05-16,généraliste
6708,2194,2025-12-10,pneumologue
6709,828,2025-08-06,pédiatre
6710,45,2022-03-04,urgences
6711,944,2021-10-21,généraliste
6712,292,2021-10-03,urgences
6713,147,2022-11-06,urgences
6714,1514,2025-09-15,urgences
6715,1890,2020-06-24,généraliste
6716,2464,2024-04-19,généraliste
6717,61,2025-04-01,pédiatre
6718,1793,2024-10-06,pédiatre
6719,1466,2025-01-28,généraliste
6720,86,2024-01-21,pédiatre
6721,1685,2024-02-20,généraliste
6722,1281,2022-12-20,généraliste
6723,1001,2019-12-11,généraliste
6724,1583,2024-09-27,urgences
6725,156,2025-01-09,généraliste
6726,1654,2025-08-07,généraliste
6727,361,2025-07-17,urgences
6728,725,2025-07-28,pédiatre
6729,1454,2025-07-13,pneumologue
6730,936,2025-10-21,généraliste
6731,1415,2025-03-21,pédiatre
6732,1797,2021-10-07,pneumologue
6733,182,2024-12-18,urgences
6734,2083,2025-08-21,pédiatre
6735,2154,2025-12-27,généraliste
6736,1214,2022-01-24,pédiatre
6737,127,2025-07-20,généraliste
6738,1537,2025-03-22,pédiatre
6739,1179,2020-05-12,généraliste
6740,2416,2020-11-29,urgences
6741,1656,2024-12-27,urgences
6742,696,2022-03-13,pédiatre
6743,861,2020-07-01,généraliste
6744,2405,2024-01-31,généraliste
6745,1831,2023-06-06,pédiatre
6746,1073,2025-06-07,généraliste
6747,1516,2019-01-25,généraliste
6748,1186,2025-02-05,pédiatre
6749,1595,2021-01-18,généraliste
6750,200,2022-05-14,généraliste
6751,2155,2024-03-07,généraliste
6752,1448,2019-09-20,urgences
6753,875,2024-08-11,urgences
6754,182,2025-09-26,généraliste
6755,941,2025-05-04,urgences
6756,2369,2021-06-05,urgences
6757,1633,2023-04-14,généraliste
6758,2262,2024-08-14,urgences
6759,1326,2021-09-05,urgences
6760,1197,2024-10-03,pédiatre
6761,1973,2022-09-19,généraliste
6762,1588,2023-06-09,urgences
6763,2012,2022-11-05,généraliste
6764,1072,2019-10-31,pédiatre
6765,1767,2025-01-11,urgences
6766,691,2021-01-02,pédiatre
6767,1458,2022-12-23,pneumologue
6768,463,2025-09-21,urgences
6769,1384,2021-07-06,pédiatre
6770,574,2022-11-17,urgences
6771,2263,2025-12-18,généraliste
6772,613,2024-11-22,pédiatre
6773,1755,2020-09-29,urgences
6774,1301,2025-12-20,généraliste
6775,2189,2025-10-07,pédiatre
6776,2310,2025-02-25,généraliste
6777,512,2024-07-13,urgences
6778,2231,2023-07-21,pédiatre
6779,222,2025-03-03,urgences
6780,981,2023-04-08,généraliste
6781,338,2023-02-24,urgences
6782,1382,2019-12-28,urgences
6783,1922,2025-07-31,urgences
6784,1172,2025-10-25,généraliste
6785,1359,2022-05-05,pédiatre
6786,9,2021-03-25,généraliste
6787,1428,2022-03-07,pneumologue
6788,1229,2023-12-11,généraliste
6789,599,2025-09-06,pédiatre
6790,119,2025-12-19,pédiatre
6791,855,2020-02-19,pédiatre
6792,435,2023-05-06,généraliste
6793,1962,2025-09-03,généraliste
6794,668,2025-06-15,urgences
6795,1031,2025-12-19,urgences
6796,1786,2022-10-15,pédiatre
6797,1588,2023-09-27,pédiatre
6798,988,2024-01-30,généraliste
6799,849,2019-07-18,pédiatre
6800,1581,2024-11-15,pédiatre
6801,1628,2020-12-14,généraliste
6802,238,2024-04-15,généraliste
6803,14,2025-06-20,généraliste
6804,2070,2024-11-25,pédiatre
6805,182,2024-11-08,urgences
6806,2310,2020-11-09,pédiatre
6807,1640,2025-02-01,urgences
6808,1033,2024-11-21,généraliste
6809,2437,2019-06-14,pédiatre
6810,1412,2022-05-07,pédiatre
6811,1521,2025-04-15,pédiatre
6812,1981,2021-01-14,généraliste
6813,177,2023-03-11,généraliste
6814,654,2025-06-30,pédiatre
6815,328,2025-05-07,généraliste
6816,2003,2019-10-17,pédiatre
6817,563,2022-07-08,pédiatre
6818,431,2025-04-22,généraliste
6819,1516,2019-02-12,généraliste
6820,2080,2024-09-19,généraliste
6821,2314,2025-09-02,urgences
6822,1304,2025-05-02,généraliste
6823,396,2022-08-31,pédiatre
6824,364,2024-07-26,généraliste
6825,634,2025-12-06,urgences
6826,1277,2021-01-28,généraliste
6827,2053,2025-05-09,pneumologue
6828,778,2021-03-15,urgences
6829,2054,2024-09-17,généraliste
6830,2011,2025-12-23,pneumologue
6831,818,2020-08-17,urgences
6832,986,2023-11-15,généraliste
6833,1477,2025-04-21,pédiatre
6834,1200,2025-01-08,urgences
6835,448,2020-12-18,urgences
6836,262,2025-05-29,pneumologue
6837,1484,2019-01-11,généraliste
6838,884,2025-02-14,pédiatre
6839,1353,2025-08-17,urgences
6840,231,2025-02-12,pédiatre
6841,2120,2025-09-25,pédiatre
6842,150,2025-03-29,urgences
6843,2392,2024-09-07,généraliste
6844,2470,2020-08-24,urgences
6845,756,2024-10-25,urgences
6846,1381,2024-08-04,généraliste
6847,960,2025-02-04,généraliste
6848,97,2023-03-04,pédiatre
6849,2170,2022-10-24,généraliste
6850,442,2024-12-27,urgences
6851,2305,2025-11-28,pédiatre
6852,2223,2022-10-10,urgences
6853,865,2025-05-10,généraliste
6854,2124,2022-07-26,pneumologue
6855,1518,2022-02-09,pneumologue
6856,745,2019-10-01,généraliste
6857,81,2021-10-11,urgences
6858,832,2025-01-01,urgences
6859,706,2019-04-08,pédiatre
6860,1592,2024-07-19,urgences
6861,1569,2025-04-22,urgences
6862,257,2020-05-11,pédiatre
6863,2231,2023-11-05,pédiatre
6864,650,2019-05-26,urgences
6865,15,2022-07-19,pédiatre
6866,1018,2019-03-03,généraliste
6867,652,2025-06-08,urgences
6868,2087,2025-12-23,pneumologue
6869,1147,2024-09-23,urgences
6870,1436,2024-04-07,urgences
6871,1457,2021-12-01,urgences
6872,602,2020-08-25,pédiatre
6873,1330,2024-04-02,pédiatre
6874,297,2024-09-23,urgences
6875,780,2020-03-30,urgences
6876,1147,2022-12-18,pneumologue
6877,1425,2019-12-28,pédiatre
6878,996,2024-07-23,urgences
6879,649,2021-12-13,généraliste
6880,2372,2023-11-03,urgences
6881,569,2024-06-12,généraliste
6882,767,2025-12-05,généraliste
6883,2162,2023-10-14,généraliste
6884,1468,2023-04-28,pédiatre
6885,915,2020-09-26,urgences
6886,594,2023-12-13,pédiatre
6887,789,2023-01-23,pneumologue
6888,771,2021-05-08,pneumologue
6889,392,2020-01-05,pédiatre
6890,123,2024-10-21,urgences
6891,119,2025-02-12,pneumologue
6892,105,2023-06-20,pneumologue
6893,513,2025-01-12,généraliste
6894,245,2021-12-06,urgences
6895,1054,2019-02-09,pédiatre
6896,1148,2025-10-29,généraliste
6897,704,2025-03-10,urgences
6898,901,2023-03-29,généraliste
6899,2500,2023-04-15,pédiatre
6900,375,2021-09-17,urgences
6901,1181,2025-04-05,généraliste
6902,1067,2020-04-04,urgences
6903,1127,2022-01-14,urgences
6904,606,2025-07-26,généraliste
6905,863,2024-08-09,pneumologue
6906,1741,2025-06-02,pédiatre
6907,956,2022-09-04,généraliste
6908,1651,2025-08-14,pédiatre
6909,1962,2024-08-14,urgences
6910,809,2025-12-19,pneumologue
6911,2011,2024-12-13,généraliste
6912,863,2021-04-12,urgences
6913,2441,2025-07-01,généraliste
6914,1968,2022-01-21,urgences
6915,934,2021-05-10,généraliste
6916,1147,2024-12-10,pédiatre
6917,750,2023-12-09,pédiatre
6918,302,2021-03-05,pédiatre
6919,777,2020-06-18,pédiatre
6920,799,2023-09-23,généraliste
6921,1658,2025-08-29,généraliste
6922,809,2022-05-10,pédiatre
6923,1006,2022-12-12,généraliste
6924,772,2024-12-28,pneumologue
6925,851,2025-10-16,urgences
6926,1072,2025-10-26,généraliste
6927,1128,2021-12-10,généraliste
6928,1956,2020-06-13,pédiatre
6929,1714,2024-10-31,pédiatre
6930,1494,2025-01-31,pédiatre
6931,1765,2025-04-22,pédiatre
6932,1258,2025-05-15,généraliste
6933,970,2025-07-17,pneumologue
6934,2085,2025-09-25,généraliste
6935,1770,2019-09-21,pédiatre
6936,486,2021-07-28,pneumologue
6937,2162,2023-12-12,urgences
6938,2383,2020-06-04,pédiatre
6939,772,2023-05-12,urgences
6940,2112,2019-07-20,urgences
6941,1276,2023-09-07,pédiatre
6942,1781,2022-06-24,généraliste
6943,718,2025-12-24,pédiatre
6944,2084,2021-10-19,urgences
6945,438,2020-11-24,généraliste
6946,349,2019-11-12,urgences
6947,333,2023-11-29,urgences
6948,1544,2024-06-02,pédiatre
6949,105,2020-06-27,urgences
6950,293,2022-11-16,urgences
6951,1766,2025-02-26,pédiatre
6952,599,2020-04-06,pédiatre
6953,2161,2020-12-14,urgences
6954,33,2020-11-18,urgences
6955,1142,2025-03-14,généraliste
6956,181,2024-08-03,pneumologue
6957,1539,2024-04-10,urgences
6958,1756,2025-05-31,généraliste
6959,1437,2025-08-18,généraliste
6960,698,2025-04-03,généraliste
6961,1028,2021-04-14,urgences
6962,2334,2025-01-19,pédiatre
6963,604,2023-06-01,pédiatre
6964,569,2024-05-28,pédiatre
6965,940,2023-05-17,urgences
6966,1892,2023-10-31,urgences
6967,1573,2025-12-17,généraliste
6968,2230,2023-05-20,urgences
6969,2332,2022-04-26,pédiatre
6970,129,2022-07-05,pédiatre
6971,1538,2025-01-29,pédiatre
6972,1788,2023-03-23,urgences
6973,207,2024-07-26,généraliste
6974,2230,2020-03-16,pédiatre
6975,66,2025-05-13,généraliste
6976,2232,2025-07-24,pédiatre
6977,1203,2025-10-26,urgences
6978,1524,2025-11-20,urgences
6979,287,2023-05-29,urgences
6980,985,2023-08-08,généraliste
6981,754,2025-09-15,urgences
6982,2378,2024-06-14,pédiatre
6983,1194,2023-10-29,généraliste
6984,1562,2024-03-30,pneumologue
6985,125,2024-03-01,urgences
6986,555,2020-10-04,pédiatre
6987,866,2024-03-13,urgences
6988,1025,2022-09-17,généraliste
6989,655,2020-03-27,urgences
6990,1083,2020-08-07,pédiatre
6991,1069,2022-06-03,pneumologue
6992,1197,2024-03-18,urgences
6993,652,2025-07-03,généraliste
6994,2359,2023-04-15,pédiatre
6995,353,2025-10-11,généraliste
6996,2298,2022-06-28,urgences
6997,1569,2023-12-10,pédiatre
6998,1055,2019-05-09,généraliste
6999,1840,2025-03-25,généraliste
7000,2281,2025-10-21,pédiatre
7001,1423,2024-05-22,généraliste
7002,118,2024-10-11,pédiatre
7003,954,2019-06-06,généraliste
7004,1781,2025-01-07,urgences
7005,2011,2025-02-11,pneumologue
7006,1583,2019-04-05,urgences
7007,2017,2019-11-29,urgences
7008,2268,2025-07-02,urgences
7009,1005,2022-07-03,généraliste
7010,2162,2024-05-14,urgences
7011,882,2022-05-13,pédiatre
7012,94,2022-04-18,pédiatre
7013,1579,2024-06-27,urgences
7014,1299,2024-02-26,pédiatre
7015,254,2025-09-12,généraliste
7016,773,2019-06-24,pédiatre
7017,2065,2022-01-29,pédiatre
7018,2327,2019-03-14,pédiatre
7019,2382,2023-04-05,urgences
7020,2474,2025-08-31,pédiatre
7021,1081,2022-10-06,généraliste
7022,1789,2019-10-16,urgences
7023,649,2020-05-06,pédiatre
7024,2143,2020-03-29,urgences
7025,1479,2024-02-23,urgences
7026,2249,2024-04-24,urgences
7027,666,2024-02-22,pédiatre
7028,2110,2020-06-18,généraliste
7029,1602,2025-05-25,pédiatre
7030,616,2020-12-06,généraliste
7031,329,2022-09-24,généraliste
7032,1955,2022-03-06,généraliste
7033,2472,2024-05-15,pédiatre
7034,478,2023-12-09,urgences
7035,1778,2025-11-21,urgences
7036,281,2023-06-01,pneumologue
7037,244,2021-02-13,généraliste
7038,1272,2025-12-04,généraliste
7039,1494,2025-06-17,généraliste
7040,2017,2021-10-27,généraliste
7041,765,2024-11-22,pneumologue
7042,2493,2024-04-01,pédiatre
7043,5,2020-05-18,pédiatre
7044,2442,2025-06-05,pédiatre
7045,2450,2023-08-17,pédiatre
7046,1374,2024-12-01,pneumologue
7047,1854,2024-05-30,généraliste
7048,2125,2025-04-08,urgences
7049,608,2025-04-27,généraliste
7050,1237,2024-12-25,pneumologue
7051,1566,2020-08-26,urgences
7052,2302,2025-06-15,urgences
7053,56,2025-01-16,pédiatre
7054,1124,2024-04-03,généraliste
7055,947,2024-05-13,urgences
7056,1997,2022-10-16,généraliste
7057,2363,2019-12-15,généraliste
7058,2406,2025-09-04,pédiatre
7059,1588,2025-01-04,pneumologue
7060,1859,2022-11-29,pédiatre
7061,771,2022-11-05,généraliste
7062,748,2024-04-19,généraliste
7063,281,2023-12-11,pédiatre
7064,1414,2024-02-05,pédiatre
7065,2442,2024-07-06,pédiatre
7066,318,2025-06-25,pédiatre
7067,1561,2020-09-07,généraliste
7068,734,2024-10-24,généraliste
7069,999,2023-06-23,pédiatre
7070,734,2024-11-08,généraliste
7071,1515,2025-06-21,urgences
7072,1502,2025-02-05,pédiatre
7073,1741,2024-07-28,pédiatre
7074,476,2023-05-13,généraliste
7075,648,2019-01-28,pédiatre
7076,1120,2025-10-24,pédiatre
7077,2058,2021-08-16,généraliste
7078,181,2025-12-02,pneumologue
7079,2194,2025-06-09,pneumologue
7080,2410,2019-06-28,généraliste
7081,1023,2019-12-14,pédiatre
7082,795,2025-08-25,urgences
7083,53,2025-06-30,urgences
7084,1511,2025-01-20,généraliste
7085,2199,2023-03-10,généraliste
7086,1262,2022-09-19,pédiatre
7087,127,2025-02-14,pédiatre
7088,1889,2024-11-21,généraliste
7089,49,2025-12-08,généraliste
7090,417,2024-03-13,généraliste
7091,1500,2022-05-12,urgences
7092,2476,2022-12-02,généraliste
7093,50,2023-01-21,urgences
7094,1915,2025-03-08,pneumologue
7095,1214,2019-12-31,pédiatre
7096,1681,2019-07-19,urgences
7097,777,2021-03-21,généraliste
7098,894,2021-01-19,urgences
7099,1166,2025-12-23,généraliste
7100,2468,2025-08-04,généraliste
7101,1252,2019-09-02,urgences
7102,414,2025-02-25,urgences
7103,2052,2024-12-10,pédiatre
7104,389,2025-02-14,urgences
7105,1309,2023-07-18,urgences
7106,103,2020-05-16,pédiatre
7107,1917,2025-03-29,pneumologue
7108,101,2022-03-01,généraliste
7109,585,2024-03-06,pédiatre
7110,1342,2019-07-19,pédiatre
7111,611,2020-07-24,pédiatre
7112,2193,2023-07-06,généraliste
7113,1692,2023-04-09,urgences
7114,1202,2024-11-05,pédiatre
7115,2490,2024-12-30,urgences
7116,2103,2019-02-26,généraliste
7117,1784,2025-07-09,urgences
7118,760,2024-01-11,pédiatre
7119,634,2020-04-13,urgences
7120,2367,2025-07-07,urgences
7121,359,2019-04-13,pédiatre
7122,1434,2025-01-22,généraliste
7123,1056,2022-02-15,urgences
7124,263,2024-10-15,pédiatre
7125,2215,2024-05-29,pédiatre
7126,1273,2024-07-13,pneumologue
7127,163,2020-07-26,généraliste
7128,1842,2020-11-06,généraliste
7129,182,2025-12-08,généraliste
7130,1216,2025-06-01,urgences
7131,597,2024-05-22,généraliste
7132,1941,2025-09-03,urgences
7133,744,2025-07-27,urgences
7134,619,2023-06-24,urgences
7135,212,2023-09-28,pneumologue
7136,1570,2022-05-23,généraliste
7137,1666,2025-08-13,généraliste
7138,1555,2020-11-18,pédiatre
7139,2486,2019-03-07,généraliste
7140,1146,2021-03-25,généraliste
7141,2417,2024-08-12,généraliste
7142,2285,2025-04-27,urgences
7143,1035,2024-10-02,urgences
7144,420,2023-05-18,pédiatre
7145,100,2025-06-25,pneumologue
7146,1491,2024-12-14,urgences
7147,348,2025-06-25,urgences
7148,1504,2020-06-27,urgences
7149,197,2023-11-08,pneumologue
7150,2095,2025-09-21,pédiatre
7151,1285,2022-06-18,généraliste
7152,1042,2021-05-02,urgences
7153,962,2024-07-11,urgences
7154,2453,2025-08-15,urgences
7155,675,2020-02-04,urgences
7156,1399,2023-07-26,généraliste
7157,1873,2025-02-07,généraliste
7158,1956,2024-09-13,urgences
7159,1541,2023-10-04,urgences
7160,1797,2025-07-30,pédiatre
7161,130,2023-08-08,généraliste
7162,1734,2023-07-25,pédiatre
7163,1524,2025-04-02,pédiatre
7164,1375,2022-08-07,pédiatre
7165,1331,2025-08-21,pédiatre
7166,1641,2025-12-24,urgences
7167,614,2025-02-05,généraliste
7168,192,2022-09-19,urgences
7169,924,2025-12-07,généraliste
7170,1344,2023-06-19,pédiatre
7171,324,2019-08-04,généraliste
7172,1458,2023-05-28,pédiatre
7173,1589,2023-08-23,pédiatre
7174,42,2019-07-30,pédiatre
7175,470,2023-08-25,pédiatre
7176,819,2024-12-09,urgences
7177,1094,2024-11-08,urgences
7178,2049,2025-09-08,urgences
7179,734,2025-03-20,urgences
7180,2088,2022-09-08,urgences
7181,59,2019-06-11,pédiatre
7182,1374,2025-10-03,pneumologue
7183,1513,2020-08-15,urgences
7184,183,2025-05-11,urgences
7185,974,2019-06-04,généraliste
7186,216,2019-01-09,pédiatre
7187,2010,2020-09-18,pédiatre
7188,2441,2025-11-22,urgences
7189,1163,2024-08-05,pédiatre
7190,1483,2024-01-03,généraliste
7191,2136,2023-02-11,pneumologue
7192,1496,2025-07-16,pédiatre
7193,899,2024-12-21,pneumologue
7194,596,2025-06-24,pédiatre
7195,505,2023-08-12,pédiatre
7196,1487,2024-11-04,généraliste
7197,1162,2025-07-16,pédiatre
7198,321,2024-04-22,urgences
7199,1924,2019-06-18,généraliste
7200,1019,2019-03-30,pédiatre
7201,2024,2024-12-11,urgences
7202,2289,2023-02-10,urgences
7203,1180,2023-03-08,généraliste
7204,1937,2024-11-14,urgences
7205,2452,2020-10-02,généraliste
7206,808,2022-03-14,pédiatre
7207,550,2020-04-08,urgences
7208,526,2024-05-17,pneumologue
7209,1705,2022-01-25,urgences
7210,1764,2020-11-09,généraliste
7211,2012,2025-12-14,pédiatre
7212,2155,2024-09-25,généraliste
7213,1399,2023-05-14,urgences
7214,122,2023-04-16,pédiatre
7215,2168,2020-11-13,généraliste
7216,2377,2019-10-11,généraliste
7217,2158,2024-10-26,pneumologue
7218,737,2019-08-04,généraliste
7219,1413,2025-03-03,urgences
7220,609,2025-12-02,généraliste
7221,1496,2025-12-15,généraliste
7222,2181,2024-10-15,pédiatre
7223,2477,2025-06-29,généraliste
7224,1215,2025-05-01,généraliste
7225,1863,2020-07-09,généraliste
7226,1459,2024-08-30,pédiatre
7227,1758,2024-01-27,pédiatre
7228,1326,2025-08-26,pédiatre
7229,1266,2021-04-12,pédiatre
7230,451,2021-02-25,généraliste
7231,874,2025-02-25,urgences
7232,2011,2025-08-07,généraliste
7233,1601,2025-10-10,généraliste
7234,371,2023-01-14,pédiatre
7235,2439,2025-07-04,urgences
7236,693,2019-11-10,pédiatre
7237,544,2022-08-01,généraliste
7238,1941,2024-03-25,pneumologue
7239,1754,2020-03-12,pédiatre
7240,2128,2025-04-30,généraliste
7241,751,2023-08-01,urgences
7242,492,2021-07-30,urgences
7243,924,2021-07-24,urgences
7244,1263,2025-08-22,pédiatre
7245,1512,2021-07-27,urgences
7246,337,2019-09-16,généraliste
7247,2303,2023-06-05,pédiatre
7248,1937,2019-10-08,urgences
7249,699,2024-12-11,urgences
7250,1360,2025-06-01,généraliste
7251,2052,2023-04-23,urgences
7252,2050,2025-12-18,généraliste
7253,1898,2023-07-22,généraliste
7254,371,2022-02-03,urgences
7255,1514,2023-03-18,pédiatre
7256,1419,2024-08-05,généraliste
7257,2376,2020-12-14,généraliste
7258,1677,2022-06-27,urgences
7259,2030,2024-07-12,urgences
7260,2193,2021-08-09,pédiatre
7261,1544,2024-07-31,généraliste
7262,1775,2021-10-17,urgences
7263,2258,2019-08-12,généraliste
7264,9,2023-03-12,généraliste
7265,998,2019-04-23,urgences
7266,134,2025-12-26,urgences
7267,1271,2020-03-24,urgences
7268,1314,2025-09-26,urgences
7269,158,2024-10-12,urgences
7270,1587,2024-01-06,généraliste
7271,2262,2023-05-03,pédiatre
7272,2232,2025-05-30,pédiatre
7273,2290,2025-07-18,pédiatre
7274,609,2021-12-02,urgences
7275,820,2023-07-09,généraliste
7276,248,2024-10-16,urgences
7277,371,2025-03-16,pédiatre
7278,878,2020-11-17,généraliste
7279,1483,2024-08-12,généraliste
7280,853,2019-03-07,généraliste
7281,1041,2024-05-26,généraliste
7282,1352,2025-10-27,généraliste
7283,1611,2025-03-26,urgences
7284,1989,2021-06-29,pneumologue
7285,463,2024-11-06,urgences
7286,2196,2024-08-08,pédiatre
7287,381,2020-02-12,urgences
7288,1690,2023-09-02,généraliste
7289,1296,2025-05-27,généraliste
7290,952,2025-08-09,pédiatre
7291,2419,2023-11-20,urgences
7292,142,2021-01-06,urgences
7293,1218,2019-12-07,pédiatre
7294,1956,2024-12-27,généraliste
7295,141,2025-10-23,pneumologue
7296,162,2022-12-09,urgences
7297,2094,2025-05-27,pédiatre
7298,24,2020-11-26,urgences
7299,430,2024-07-26,urgences
7300,1730,2023-04-19,urgences
7301,119,2024-06-16,pédiatre
7302,2052,2020-08-06,pédiatre
7303,1437,2025-03-14,pédiatre
7304,1929,2024-01-20,urgences
7305,1497,2020-12-08,pédiatre
7306,2162,2023-06-11,généraliste
7307,1791,2024-06-11,généraliste
7308,357,2025-11-10,pédiatre
7309,1442,2020-05-31,pédiatre
7310,1069,2025-09-10,pédiatre
7311,1685,2024-11-01,urgences
7312,1179,2019-02-12,généraliste
7313,1970,2025-03-03,pédiatre
7314,891,2022-11-25,pédiatre
7315,1236,2025-04-11,généraliste
7316,333,2023-01-11,pédiatre
7317,2226,2023-09-28,généraliste
7318,2089,2024-12-04,pédiatre
7319,439,2024-06-10,généraliste
7320,751,2022-11-22,pédiatre
7321,4,2023-01-21,urgences
7322,3,2020-02-01,pédiatre
7323,567,2023-01-20,pédiatre
7324,1592,2025-03-10,urgences
7325,17,2022-05-11,urgences
7326,32,2025-03-08,pédiatre
7327,1151,2023-04-09,urgences
7328,1251,2024-10-16,urgences
7329,1754,2025-06-12,pédiatre
7330,2431,2023-06-20,pédiatre
7331,1965,2023-06-23,urgences
7332,262,2025-07-10,pneumologue
7333,1977,2021-02-09,pédiatre
7334,1524,2024-10-12,urgences
7335,58,2025-10-18,pneumologue
7336,1223,2025-06-12,généraliste
7337,2143,2022-09-17,urgences
7338,819,2025-08-09,généraliste
7339,19,2020-06-06,généraliste
7340,1257,2021-07-05,généraliste
7341,31,2024-03-06,généraliste
7342,102,2023-12-07,pédiatre
7343,2454,2025-06-08,pneumologue
7344,397,2020-03-29,généraliste
7345,943,2021-04-20,urgences
7346,2235,2023-06-23,généraliste
7347,863,2024-06-20,pédiatre
7348,2004,2022-04-19,généraliste
7349,1245,2020-05-16,pédiatre
7350,544,2022-09-17,généraliste
7351,377,2024-06-06,pneumologue
7352,33,2021-11-15,pédiatre
7353,1181,2025-07-07,pédiatre
7354,282,2022-06-08,pneumologue
7355,1012,2024-04-05,pneumologue
7356,1258,2025-11-26,généraliste
7357,726,2023-04-08,urgences
7358,1466,2025-10-23,pneumologue
7359,2091,2024-05-18,urgences
7360,1867,2025-05-29,urgences
7361,2087,2025-07-26,pédiatre
7362,735,2024-09-07,pédiatre
7363,572,2023-08-18,généraliste
7364,945,2020-12-03,urgences
7365,1037,2020-06-02,pneumologue
7366,560,2022-10-20,pédiatre
7367,1282,2020-04-14,généraliste
7368,1583,2020-08-26,urgences
7369,337,2025-11-26,généraliste
7370,2312,2023-11-21,généraliste
7371,670,2022-07-22,urgences
7372,1710,2023-09-13,généraliste
7373,1258,2025-10-01,urgences
7374,2362,2025-10-21,généraliste
7375,871,2019-11-08,pédiatre
7376,1745,2025-07-04,généraliste
7377,1415,2025-05-02,pédiatre
7378,1387,2020-06-04,urgences
7379,213,2024-02-24,pédiatre
7380,2186,2025-05-16,pédiatre
7381,594,2019-07-21,urgences
7382,2108,2024-06-27,pédiatre
7383,1963,2022-09-30,urgences
7384,104,2024-07-30,généraliste
7385,2387,2025-03-11,pédiatre
7386,1284,2023-10-22,généraliste
7387,371,2025-03-10,pneumologue
7388,357,2025-08-19,urgences
7389,1675,2025-11-23,pédiatre
7390,1363,2025-08-20,urgences
7391,1206,2022-12-10,pédiatre
7392,1731,2020-10-13,pédiatre
7393,2003,2019-10-26,pneumologue
7394,1826,2025-09-11,urgences
7395,1805,2019-11-11,généraliste
7396,62,2022-05-22,urgences
7397,434,2023-11-01,pédiatre
7398,2098,2020-11-24,pédiatre
7399,7,2025-09-06,pédiatre
7400,2114,2020-05-24,généraliste
7401,32,2025-12-24,généraliste
7402,573,2022-05-01,pédiatre
7403,2489,2021-06-01,généraliste
7404,1093,2021-02-02,urgences
7405,2243,2023-06-13,généraliste
7406,640,2021-09-14,pédiatre
7407,1010,2025-02-14,pédiatre
7408,1549,2024-09-14,pédiatre
7409,2110,2021-02-06,urgences
7410,1353,2020-09-03,urgences
7411,1900,2025-08-19,généraliste
7412,2226,2025-09-07,pédiatre
7413,1376,2021-07-09,pédiatre
7414,1903,2021-03-11,généraliste
7415,1887,2023-02-09,urgences
7416,437,2021-11-11,urgences
7417,761,2025-03-31,généraliste
7418,1129,2025-12-23,urgences
7419,2393,2020-07-25,pédiatre
7420,863,2022-10-02,pneumologue
7421,2133,2025-03-30,urgences
7422,2406,2025-05-24,généraliste
7423,1588,2022-06-06,pédiatre
7424,1101,2022-10-14,généraliste
7425,2270,2022-08-27,urgences
7426,2020,2024-06-06,urgences
7427,295,2020-04-12,urgences
7428,170,2019-05-25,urgences
7429,1062,2024-08-30,pédiatre
7430,1027,2024-11-19,pneumologue
7431,293,2020-03-09,urgences
7432,221,2022-11-15,urgences
7433,1538,2019-06-02,généraliste
7434,20,2020-09-25,généraliste
7435,1619,2025-12-07,pneumologue
7436,2042,2023-05-15,pédiatre
7437,1268,2019-01-19,urgences
7438,640,2020-04-17,urgences
7439,570,2025-11-20,généraliste
7440,1172,2025-09-10,pédiatre
7441,712,2020-05-04,urgences
7442,2214,2023-04-20,pédiatre
7443,539,2022-11-30,généraliste
7444,1493,2023-12-24,urgences
7445,1860,2023-08-25,urgences
7446,1144,2022-06-05,généraliste
7447,1311,2020-05-01,pédiatre
7448,2404,2019-07-09,urgences
7449,2326,2020-03-14,généraliste
7450,1441,2022-03-01,urgences
7451,180,2021-08-10,urgences
7452,2020,2025-03-28,pédiatre
7453,2169,2023-12-24,pédiatre
7454,1507,2024-05-06,urgences
7455,2349,2024-12-03,généraliste
7456,1288,2022-06-02,pédiatre
7457,510,2022-01-13,généraliste
7458,2296,2020-08-27,pédiatre
7459,1034,2025-04-27,généraliste
7460,2215,2024-11-08,pédiatre
7461,1537,2025-04-30,pneumologue
7462,665,2025-12-12,pédiatre
7463,2162,2023-03-29,généraliste
7464,2355,2019-12-05,urgences
7465,70,2020-08-04,urgences
7466,239,2024-09-30,généraliste
7467,1499,2025-07-09,urgences
7468,1315,2025-11-06,pédiatre
7469,1748,2021-08-28,urgences
7470,1477,2022-06-28,pédiatre
7471,230,2025-04-04,généraliste
7472,221,2021-06-09,généraliste
7473,595,2025-06-14,pédiatre
7474,1836,2025-06-11,urgences
7475,2392,2023-07-19,urgences
7476,2135,2022-06-12,urgences
7477,706,2024-05-23,urgences
7478,790,2024-03-19,pédiatre
7479,1892,2019-05-31,pédiatre
7480,1594,2023-10-15,généraliste
7481,2340,2025-07-23,généraliste
7482,2129,2025-10-28,pédiatre
7483,237,2024-11-05,urgences
7484,702,2025-01-02,urgences
7485,568,2024-03-13,pédiatre
7486,1836,2022-06-19,pneumologue
7487,818,2023-09-13,généraliste
7488,2008,2022-06-06,urgences
7489,425,2025-10-22,urgences
7490,1514,2023-08-30,généraliste
7491,36,2024-02-27,urgences
7492,1988,2024-04-23,urgences
7493,867,2023-08-31,généraliste
7494,258,2024-03-06,pédiatre
7495,2124,2024-11-11,pédiatre
7496,1216,2021-06-16,pneumologue
7497,2441,2024-09-03,urgences
7498,1828,2024-08-27,pédiatre
7499,1882,2024-02-04,urgences
7500,652,2025-10-10,urgences
7501,280,2025-10-16,pneumologue
7502,814,2025-09-03,pédiatre
7503,2107,2024-02-27,généraliste
7504,2389,2023-02-04,urgences
7505,1781,2024-12-21,pédiatre
7506,1990,2025-12-07,urgences
7507,1461,2020-10-01,urgences
7508,2319,2023-12-25,pneumologue
7509,1215,2022-03-20,urgences
7510,650,2022-07-13,généraliste
7511,1391,2019-03-30,généraliste
7512,783,2025-10-22,généraliste
7513,446,2019-05-07,urgences
7514,539,2021-12-11,pédiatre
7515,1761,2023-09-28,urgences
7516,1201,2024-11-22,pédiatre
7517,1114,2023-03-26,pneumologue
7518,2331,2025-09-07,généraliste
7519,976,2020-03-24,pédiatre
7520,2244,2025-07-05,pédiatre
7521,399,2025-12-20,urgences
7522,2316,2025-10-13,pneumologue
7523,2135,2021-05-16,pédiatre
7524,1518,2023-07-30,généraliste
7525,1229,2022-08-18,généraliste
7526,517,2025-06-02,urgences
7527,252,2020-01-16,pédiatre
7528,676,2025-04-30,pédiatre
7529,1167,2022-03-12,urgences
7530,1027,2023-10-09,pneumologue
7531,1200,2020-03-28,pédiatre
7532,710,2024-12-26,pédiatre
7533,2408,2023-11-27,généraliste
7534,939,2024-10-05,pédiatre
7535,1083,2023-04-11,pédiatre
7536,101,2025-06-20,urgences
7537,1186,2025-08-01,généraliste
7538,1617,2019-07-31,pédiatre
7539,752,2022-06-06,généraliste
7540,2295,2022-10-04,généraliste
7541,2483,2025-08-31,urgences
7542,985,2023-06-26,pneumologue
7543,2016,2020-03-10,urgences
7544,2237,2020-09-11,généraliste
7545,794,2020-06-08,pédiatre
7546,54,2024-10-25,pédiatre
7547,1433,2020-11-05,urgences
7548,2293,2019-06-16,urgences
7549,2363,2025-07-15,généraliste
7550,1903,2019-01-30,généraliste
7551,1433,2020-04-26,urgences
7552,1623,2025-06-05,généraliste
7553,2356,2025-04-19,pédiatre
7554,1015,2022-03-30,généraliste
7555,2151,2023-02-05,pédiatre
7556,2127,2025-10-22,généraliste
7557,743,2025-03-16,généraliste
7558,674,2020-12-12,pédiatre
7559,2199,2023-03-17,urgences
7560,2132,2025-06-27,urgences
7561,311,2024-03-03,pédiatre
7562,1501,2025-02-27,urgences
7563,1566,2025-11-20,généraliste
7564,830,2021-07-09,urgences
7565,567,2024-04-23,généraliste
7566,2106,2021-04-22,urgences
7567,1032,2021-09-26,urgences
7568,166,2023-07-07,urgences
7569,828,2025-08-14,généraliste
7570,1065,2020-10-25,généraliste
7571,155,2025-01-29,généraliste
7572,396,2025-02-21,urgences
7573,1357,2019-07-01,urgences
7574,930,2019-07-08,généraliste
7575,2409,2025-02-24,pédiatre
7576,1741,2024-09-09,généraliste
7577,749,2023-04-25,urgences
7578,1816,2021-12-29,urgences
7579,1164,2021-07-11,pédiatre
7580,901,2019-05-24,urgences
7581,1402,2022-01-15,pédiatre
7582,1923,2024-06-17,pédiatre
7583,901,2020-12-02,pédiatre
7584,687,2025-08-22,pédiatre
7585,2491,2020-09-15,urgences
7586,2304,2022-09-01,pédiatre
7587,1938,2021-06-08,urgences
7588,407,2019-11-29,pédiatre
7589,1630,2019-07-12,généraliste
7590,767,2024-10-28,urgences
7591,955,2021-03-14,généraliste
7592,1041,2025-04-22,urgences
7593,2091,2023-09-02,urgences
7594,594,2023-02-23,généraliste
7595,573,2025-11-19,urgences
7596,2229,2023-12-08,pneumologue
7597,2278,2023-01-13,pédiatre
7598,989,2023-11-18,généraliste
7599,1427,2022-07-04,urgences
7600,231,2024-09-24,pédiatre
7601,1813,2022-01-09,pédiatre
7602,583,2025-05-13,pédiatre
7603,17,2020-02-29,généraliste
7604,602,2025-04-05,urgences
7605,511,2023-04-15,pédiatre
7606,907,2024-08-20,généraliste
7607,883,2020-04-09,généraliste
7608,2243,2024-11-15,généraliste
7609,2079,2023-05-20,pédiatre
7610,1268,2022-07-15,généraliste
7611,1916,2025-04-01,pédiatre
7612,1754,2020-01-02,urgences
7613,1527,2021-07-18,urgences
7614,2262,2022-05-12,urgences
7615,212,2021-11-15,généraliste
7616,1176,2025-09-09,généraliste
7617,2217,2020-10-23,généraliste
7618,420,2023-01-15,pédiatre
7619,2103,2021-09-30,généraliste
7620,2316,2025-08-24,généraliste
7621,226,2022-06-29,urgences
7622,511,2019-02-17,généraliste
7623,464,2022-11-30,pneumologue
7624,2475,2023-12-30,urgences
7625,2314,2021-06-16,urgences
7626,980,2023-06-06,urgences
7627,304,2023-03-17,urgences
7628,850,2025-10-18,généraliste
7629,334,2024-04-19,pédiatre
7630,2280,2025-01-04,pédiatre
7631,1184,2024-07-03,généraliste
7632,600,2024-05-16,urgences
7633,778,2020-09-12,pédiatre
7634,710,2024-10-31,pneumologue
7635,1260,2019-02-11,urgences
7636,97,2019-11-11,urgences
7637,1351,2020-11-02,généraliste
7638,1617,2025-04-15,généraliste
7639,1268,2025-08-26,généraliste
7640,377,2024-08-18,pneumologue
7641,1533,2020-12-30,urgences
7642,945,2021-03-03,pédiatre
7643,231,2024-07-06,pédiatre
7644,2461,2025-09-01,urgences
7645,1936,2023-02-26,pédiatre
7646,1328,2025-01-19,généraliste
7647,385,2025-07-19,généraliste
7648,1463,2025-06-18,pédiatre
7649,1640,2024-09-03,pédiatre
7650,1383,2025-09-07,généraliste
7651,2475,2020-09-13,pédiatre
7652,2352,2019-07-06,urgences
7653,1177,2025-02-25,pneumologue
7654,683,2019-04-27,généraliste
7655,1661,2020-10-08,urgences
7656,541,2025-07-17,généraliste
7657,1188,2021-08-29,pédiatre
7658,875,2022-10-14,généraliste
7659,306,2019-06-03,généraliste
7660,453,2024-03-16,pédiatre
7661,1466,2024-07-23,généraliste
7662,1379,2024-11-19,généraliste
7663,284,2024-12-03,généraliste
7664,682,2024-12-05,urgences
7665,2498,2023-03-12,généraliste
7666,650,2019-10-31,urgences
7667,919,2024-08-13,urgences
7668,1414,2025-04-19,pneumologue
7669,47,2024-08-11,urgences
7670,553,2024-04-30,généraliste
7671,658,2023-06-03,urgences
7672,1703,2023-07-14,pédiatre
7673,2263,2024-11-25,généraliste
7674,1203,2022-08-28,généraliste
7675,2289,2023-02-17,généraliste
7676,207,2022-04-24,généraliste
7677,312,2024-02-29,pneumologue
7678,868,2023-04-16,pédiatre
7679,1035,2024-12-10,urgences
7680,2213,2024-01-03,généraliste
7681,1602,2022-01-19,pédiatre
7682,205,2023-12-08,généraliste
7683,591,2025-12-30,urgences
7684,1596,2025-09-13,généraliste
7685,2056,2021-10-08,pédiatre
7686,668,2025-11-27,urgences
7687,313,2024-08-25,urgences
7688,1093,2023-05-20,généraliste
7689,2305,2025-09-06,pneumologue
7690,568,2025-05-19,pneumologue
7691,2092,2025-10-06,urgences
7692,1733,2023-11-04,généraliste
7693,2090,2025-07-15,généraliste
7694,2148,2020-10-20,pédiatre
7695,1413,2024-11-27,pédiatre
7696,990,2024-06-27,pédiatre
7697,1122,2021-02-19,pédiatre
7698,1177,2025-08-16,urgences
7699,2118,2025-04-07,pédiatre
7700,2305,2025-02-02,généraliste
7701,139,2024-08-03,pneumologue
7702,1187,2025-11-22,généraliste
7703,975,2025-02-10,pédiatre
7704,734,2025-09-12,urgences
7705,569,2025-07-25,généraliste
7706,921,2021-05-21,généraliste
7707,463,2024-08-15,généraliste
7708,2324,2023-06-16,généraliste
7709,1852,2024-08-29,pédiatre
7710,2181,2024-02-18,pédiatre
7711,451,2020-07-27,urgences
7712,2114,2025-01-30,urgences
7713,597,2020-01-24,généraliste
7714,487,2024-06-06,urgences
7715,1177,2025-11-08,généraliste
7716,1463,2023-07-19,pédiatre
7717,186,2024-05-06,pneumologue
7718,2229,2024-05-15,pédiatre
7719,784,2019-11-29,généraliste
7720,132,2024-02-11,pédiatre
7721,1200,2023-10-27,urgences
7722,1307,2022-09-30,urgences
7723,2365,2025-06-15,pédiatre
7724,59,2020-02-02,urgences
7725,434,2025-06-16,pneumologue
7726,2142,2023-09-01,pédiatre
7727,1800,2025-01-28,pédiatre
7728,2345,2020-03-03,généraliste
7729,2305,2025-06-05,généraliste
7730,123,2020-04-21,pédiatre
7731,894,2025-03-27,urgences
7732,924,2025-11-06,généraliste
7733,1661,2022-06-08,généraliste
7734,1585,2024-06-01,pédiatre
7735,1641,2025-06-06,pédiatre
7736,731,2025-06-20,généraliste
7737,193,2023-09-04,urgences
7738,1147,2023-06-01,urgences
7739,1745,2024-02-06,généraliste
7740,1681,2023-12-03,généraliste
7741,1237,2023-11-18,pneumologue
7742,417,2019-12-19,pédiatre
7743,974,2019-08-11,urgences
7744,40,2021-08-02,généraliste
7745,1765,2025-05-28,urgences
7746,2055,2025-11-08,pédiatre
7747,2314,2020-07-07,généraliste
7748,1557,2024-05-20,urgences
7749,1319,2024-05-27,pédiatre
7750,1853,2023-12-10,pédiatre
7751,1557,2025-10-31,pédiatre
7752,1732,2019-12-04,pédiatre
7753,2100,2021-04-13,pédiatre
7754,277,2025-07-12,urgences
7755,2256,2025-01-29,urgences
7756,201,2025-03-16,pneumologue
7757,660,2021-06-05,généraliste
7758,1763,2021-07-31,urgences
7759,2385,2025-10-06,pédiatre
7760,1773,2024-07-26,pédiatre
7761,1830,2022-01-23,urgences
7762,526,2024-09-24,pédiatre
7763,526,2024-06-16,urgences
7764,1956,2020-04-09,urgences
7765,1440,2022-02-22,généraliste
7766,1560,2024-08-07,pédiatre
7767,1563,2025-05-26,urgences
7768,772,2024-08-01,pneumologue
7769,1606,2020-06-30,généraliste
7770,1397,2023-07-18,pédiatre
7771,1471,2024-06-09,urgences
7772,1463,2020-11-12,urgences
7773,811,2024-05-27,pédiatre
7774,201,2025-02-19,pédiatre
7775,1597,2021-07-19,pédiatre
7776,174,2023-03-06,pédiatre
7777,943,2023-04-15,pédiatre
7778,1354,2025-10-31,urgences
7779,1638,2022-12-09,pédiatre
7780,2384,2020-01-14,urgences
7781,326,2021-12-06,pédiatre
7782,2445,2025-09-05,pédiatre
7783,2406,2025-09-07,urgences
7784,1093,2024-06-08,généraliste
7785,694,2024-06-15,pédiatre
7786,1488,2022-10-22,pneumologue
7787,132,2021-06-14,urgences
7788,512,2024-01-05,pédiatre
7789,308,2022-12-03,pédiatre
7790,510,2021-09-08,pneumologue
7791,1688,2024-07-16,généraliste
7792,2312,2024-04-07,urgences
7793,1520,2024-12-05,pédiatre
7794,1660,2024-07-05,pédiatre
7795,857,2022-09-20,urgences
7796,2406,2025-09-26,généraliste
7797,1399,2023-01-08,pneumologue
7798,1422,2020-09-30,généraliste
7799,217,2020-03-14,pédiatre
7800,1753,2019-10-25,urgences
7801,1476,2021-06-06,urgences
7802,784,2020-05-14,généraliste
7803,2359,2021-06-16,pneumologue
7804,1844,2023-01-07,urgences
7805,1479,2019-11-08,pédiatre
7806,1811,2025-05-01,pédiatre
7807,985,2024-10-29,urgences
7808,1544,2024-07-31,pneumologue
7809,141,2024-05-25,pneumologue
7810,1480,2023-11-14,généraliste
7811,1624,2021-11-03,généraliste
7812,790,2022-08-21,pédiatre
7813,1413,2025-02-05,pneumologue
7814,2011,2024-09-16,urgences
7815,40,2024-02-02,pédiatre
7816,2391,2023-08-07,généraliste
7817,1541,2023-10-27,pédiatre
7818,601,2023-09-06,pédiatre
7819,223,2020-10-21,pédiatre
7820,67,2024-11-21,généraliste
7821,2496,2024-11-04,urgences
7822,1693,2022-07-15,pédiatre
7823,2479,2024-12-01,pédiatre
7824,1500,2024-07-18,généraliste
7825,569,2023-04-06,urgences
7826,1488,2025-03-01,urgences
7827,1522,2021-12-20,urgences
7828,358,2021-09-01,généraliste
7829,1652,2024-09-20,pédiatre
7830,514,2025-04-23,généraliste
7831,77,2020-08-27,généraliste
7832,865,2025-10-03,urgences
7833,2053,2025-11-17,pneumologue
7834,2356,2023-09-05,pédiatre
7835,869,2023-11-15,pédiatre
7836,197,2023-03-12,urgences
7837,837,2025-05-13,pédiatre
7838,1299,2025-07-02,généraliste
7839,1892,2020-11-11,urgences
7840,1548,2024-06-15,généraliste
7841,505,2025-08-08,urgences
7842,1723,2025-05-01,pédiatre
7843,1845,2024-02-14,pédiatre
7844,1077,2024-07-12,urgences
7845,1638,2022-06-10,pédiatre
7846,1105,2022-11-02,pédiatre
7847,1583,2019-03-07,pédiatre
7848,1466,2025-07-06,généraliste
7849,2406,2025-09-27,pédiatre
7850,1904,2023-07-23,urgences
7851,1327,2025-10-13,urgences
7852,1209,2019-12-04,généraliste
7853,857,2025-08-05,généraliste
7854,2104,2020-12-14,pédiatre
7855,994,2019-09-24,généraliste
7856,1027,2024-10-28,pédiatre
7857,724,2025-04-21,pédiatre
7858,386,2025-08-24,généraliste
7859,770,2024-10-17,urgences
7860,419,2025-02-26,généraliste
7861,664,2024-10-30,urgences
7862,1039,2025-11-17,urgences
7863,1457,2023-10-11,généraliste
7864,2316,2025-11-22,pédiatre
7865,758,2024-03-20,pédiatre
7866,1291,2024-05-01,urgences
7867,1243,2025-06-25,urgences
7868,960,2021-10-10,urgences
7869,2468,2024-09-25,pédiatre
7870,1914,2025-09-15,pédiatre
7871,1392,2024-08-06,urgences
7872,1996,2025-06-05,généraliste
7873,783,2025-11-20,généraliste
7874,539,2024-04-08,pédiatre
7875,2381,2020-02-20,urgences
7876,1054,2019-04-25,généraliste
7877,2355,2021-11-06,généraliste
7878,224,2023-07-09,généraliste
7879,697,2021-07-09,généraliste
7880,1897,2024-08-22,pneumologue
7881,1691,2020-09-03,pédiatre
7882,943,2024-09-27,généraliste
7883,617,2023-03-21,généraliste
7884,972,2020-04-22,généraliste
7885,1477,2023-12-06,urgences
7886,1183,2020-04-18,généraliste
7887,926,2021-08-31,pédiatre
7888,1199,2023-02-14,pédiatre
7889,886,2022-05-14,urgences
7890,2124,2023-12-31,généraliste
7891,16,2025-06-28,généraliste
7892,1746,2023-02-22,généraliste
7893,1012,2025-05-05,pédiatre
7894,30,2025-02-14,urgences
7895,168,2020-04-28,généraliste
7896,251,2024-03-02,urgences
7897,1011,2021-04-27,généraliste
7898,1494,2022-11-19,pneumologue
7899,1888,2021-02-05,généraliste
7900,456,2019-08-12,pédiatre
7901,1081,2022-01-14,pédiatre
7902,942,2021-03-28,pédiatre
7903,2116,2022-09-18,généraliste
7904,2332,2023-02-15,pédiatre
7905,754,2022-12-20,pédiatre
7906,189,2020-08-28,urgences
7907,281,2024-09-26,urgences
7908,824,2022-08-24,pédiatre
7909,2082,2024-10-03,généraliste
7910,534,2025-05-23,pédiatre
7911,963,2025-11-18,pédiatre
7912,2416,2022-01-01,pédiatre
7913,938,2025-01-26,généraliste
7914,1015,2020-06-19,urgences
7915,1987,2019-02-20,généraliste
7916,2486,2024-06-22,pédiatre
7917,1941,2024-08-11,pneumologue
7918,2298,2022-05-03,pédiatre
7919,208,2024-02-11,pneumologue
7920,2053,2024-07-26,urgences
7921,1192,2022-02-18,généraliste
7922,1281,2022-08-26,généraliste
7923,2281,2025-04-18,pneumologue
7924,234,2021-10-05,généraliste
7925,1164,2022-11-25,généraliste
7926,914,2019-01-21,pédiatre
7927,1599,2025-12-28,généraliste
7928,235,2025-04-30,pneumologue
7929,997,2019-04-18,généraliste
7930,290,2022-08-23,généraliste
7931,223,2021-10-23,généraliste
7932,204,2023-11-12,urgences
7933,280,2021-10-04,urgences
7934,1081,2023-11-24,pédiatre
7935,2096,2021-02-27,urgences
7936,1036,2024-07-01,généraliste
7937,1776,2022-12-02,pédiatre
7938,1890,2025-04-18,généraliste
7939,1550,2024-02-28,urgences
7940,2495,2020-08-16,pédiatre
7941,894,2025-06-10,urgences
7942,136,2020-07-27,urgences
7943,2443,2021-03-31,urgences
7944,2008,2024-08-01,généraliste
7945,1598,2023-06-07,urgences
7946,688,2025-09-15,généraliste
7947,685,2021-09-29,généraliste
7948,2231,2023-12-04,pédiatre
7949,1130,2020-08-30,pédiatre
7950,823,2019-05-21,pédiatre
7951,1758,2024-10-18,urgences
7952,370,2024-10-23,pédiatre
7953,236,2024-06-03,pédiatre
7954,180,2024-07-09,urgences
7955,1583,2024-10-14,pédiatre
7956,2009,2020-01-27,urgences
7957,965,2024-06-06,urgences
7958,1627,2025-08-02,pneumologue
7959,1163,2019-05-01,pédiatre
7960,1575,2021-09-18,généraliste
7961,2026,2025-04-08,pédiatre
7962,1201,2024-10-05,urgences
7963,31,2025-04-30,urgences
7964,2243,2022-11-21,urgences
7965,1461,2019-08-18,urgences
7966,1849,2022-04-05,urgences
7967,1918,2024-01-10,généraliste
7968,2119,2025-05-18,urgences
7969,1254,2021-05-05,pédiatre
7970,586,2020-06-28,pédiatre
7971,2089,2019-09-24,pédiatre
7972,1710,2022-07-22,urgences
7973,2143,2021-10-21,généraliste
7974,1784,2024-12-06,pneumologue
7975,122,2023-09-18,pédiatre
7976,2066,2023-06-06,généraliste
7977,1751,2024-09-29,urgences
7978,1224,2025-03-04,généraliste
7979,65,2025-10-22,généraliste
7980,1971,2022-05-11,généraliste
7981,568,2024-01-04,pédiatre
7982,1560,2025-09-17,pédiatre
7983,516,2025-03-02,pédiatre
7984,2169,2020-11-09,généraliste
7985,869,2025-11-02,pédiatre
7986,391,2021-04-27,généraliste
7987,2396,2025-07-11,pneumologue
7988,1824,2020-06-16,urgences
7989,1061,2021-06-25,pédiatre
7990,199,2025-12-20,généraliste
7991,364,2025-04-07,généraliste
7992,1145,2024-10-24,urgences
7993,779,2019-03-23,pédiatre
7994,1841,2021-05-24,urgences
7995,2369,2023-08-11,pédiatre
7996,434,2023-04-09,urgences
7997,121,2022-04-19,généraliste
7998,2217,2024-07-28,pédiatre
7999,1455,2020-07-25,généraliste
8000,1863,2021-06-24,généraliste
8001,308,2024-10-13,pneumologue
8002,1857,2019-03-12,pédiatre
8003,1945,2022-09-12,pédiatre
8004,2399,2024-04-25,urgences
8005,231,2025-10-25,généraliste
8006,181,2024-09-22,pédiatre
8007,768,2023-09-17,pneumologue
8008,303,2025-11-13,pédiatre
8009,1189,2022-01-14,urgences
8010,477,2025-07-10,généraliste
8011,2448,2024-08-14,urgences
8012,2151,2024-07-22,urgences
8013,199,2025-08-18,pédiatre
8014,1621,2024-07-27,généraliste
8015,1797,2024-10-25,généraliste
8016,659,2024-04-22,urgences
8017,1831,2022-01-06,pédiatre
8018,973,2025-07-01,urgences
8019,1414,2023-11-10,pneumologue
8020,1767,2025-05-10,pneumologue
8021,1616,2025-05-14,pédiatre
8022,1846,2024-03-04,généraliste
8023,456,2021-04-04,généraliste
8024,1968,2023-10-14,généraliste
8025,1001,2025-04-26,généraliste
8026,595,2019-08-06,généraliste
8027,760,2025-01-01,pneumologue
8028,782,2023-11-09,pédiatre
8029,1043,2024-07-15,pédiatre
8030,1754,2023-12-21,urgences
8031,2160,2025-12-15,urgences
8032,881,2022-07-02,urgences
8033,333,2019-12-14,urgences
8034,55,2023-04-11,pédiatre
8035,2313,2024-08-10,urgences
8036,69,2025-12-08,pédiatre
8037,1936,2024-04-15,urgences
8038,1035,2023-05-11,généraliste
8039,2424,2021-09-30,pédiatre
8040,2283,2023-11-26,généraliste
8041,389,2025-05-06,pédiatre
8042,1225,2023-07-20,urgences
8043,1854,2024-11-24,généraliste
8044,1403,2023-01-04,généraliste
8045,598,2025-03-14,pneumologue
8046,57,2025-11-01,pédiatre
8047,479,2019-09-28,urgences
8048,2002,2021-02-05,urgences
8049,599,2020-08-03,pédiatre
8050,435,2025-12-29,pédiatre
8051,484,2025-01-18,généraliste
8052,1913,2024-03-29,généraliste
8053,717,2024-07-10,urgences
8054,656,2019-09-17,urgences
8055,13,2025-11-08,pédiatre
8056,2367,2025-07-24,généraliste
8057,101,2022-04-05,urgences
8058,1757,2023-03-27,pédiatre
8059,495,2020-05-25,pédiatre
8060,360,2020-04-05,urgences
8061,713,2021-10-12,généraliste
8062,907,2024-07-19,urgences
8063,1944,2025-06-12,généraliste
8064,1634,2022-02-05,généraliste
8065,1214,2024-12-31,généraliste
8066,641,2025-04-21,généraliste
8067,1189,2022-06-03,généraliste
8068,1078,2021-02-03,pédiatre
8069,2136,2020-09-17,urgences
8070,1878,2020-08-07,urgences
8071,1697,2024-08-28,pédiatre
8072,495,2019-05-02,urgences
8073,1433,2024-12-13,urgences
8074,1912,2023-10-15,urgences
8075,1328,2023-04-17,pédiatre
8076,1417,2022-02-12,généraliste
8077,1634,2020-07-31,pédiatre
8078,1415,2024-02-20,généraliste
8079,1739,2021-10-31,pédiatre
8080,1327,2025-02-05,généraliste
8081,1856,2019-02-16,urgences
8082,2371,2022-03-06,généraliste
8083,2200,2021-11-07,généraliste
8084,1902,2025-05-13,urgences
8085,184,2019-08-08,généraliste
8086,2209,2019-01-28,urgences
8087,1381,2023-12-14,généraliste
8088,2115,2019-10-19,urgences
8089,1099,2022-11-14,généraliste
8090,1754,2024-04-18,pédiatre
8091,634,2019-07-23,généraliste
8092,2093,2025-04-20,généraliste
8093,2375,2025-03-05,généraliste
8094,1713,2023-04-08,urgences
8095,1350,2021-01-30,généraliste
8096,1451,2025-08-23,généraliste
8097,729,2020-09-15,urgences
8098,1659,2020-08-30,pédiatre
8099,1983,2023-06-20,urgences
8100,1031,2019-10-31,urgences
8101,1439,2019-06-27,généraliste
8102,895,2022-01-18,urgences
8103,514,2025-07-06,généraliste
8104,1670,2019-05-26,pédiatre
8105,1832,2024-08-03,pédiatre
8106,516,2021-12-03,pédiatre
8107,2019,2024-08-23,urgences
8108,49,2024-11-19,généraliste
8109,1357,2024-11-07,pédiatre
8110,1007,2021-10-15,généraliste
8111,819,2025-07-26,généraliste
8112,1731,2023-01-31,généraliste
8113,1017,2025-07-11,pédiatre
8114,828,2023-12-29,urgences
8115,1443,2020-12-14,pédiatre
8116,1212,2025-10-08,urgences
8117,748,2020-10-17,généraliste
8118,1694,2020-02-29,pédiatre
8119,961,2023-10-20,pédiatre
8120,1544,2024-12-30,urgences
8121,1981,2022-07-08,pédiatre
8122,1462,2024-12-05,généraliste
8123,2373,2023-12-12,urgences
8124,613,2020-06-14,urgences
8125,875,2020-04-09,pédiatre
8126,1752,2025-07-05,généraliste
8127,772,2022-09-15,pédiatre
8128,1680,2023-11-01,généraliste
8129,139,2025-07-19,généraliste
8130,1020,2025-06-18,urgences
8131,208,2021-02-20,généraliste
8132,1496,2025-05-19,pédiatre
8133,231,2024-01-16,pneumologue
8134,1654,2025-04-20,pédiatre
8135,107,2022-06-10,pédiatre
8136,1642,2022-06-05,généraliste
8137,1197,2025-03-24,généraliste
8138,1897,2025-12-21,pneumologue
8139,2139,2019-11-09,généraliste
8140,1843,2023-06-11,pédiatre
8141,1422,2024-08-17,urgences
8142,2427,2021-02-11,pédiatre
8143,2405,2019-01-24,généraliste
8144,2413,2021-03-14,pédiatre
8145,1138,2019-03-27,généraliste
8146,58,2025-04-28,urgences
8147,2461,2019-05-14,pédiatre
8148,1835,2021-03-30,pédiatre
8149,358,2020-09-20,généraliste
8150,1027,2025-12-16,généraliste
8151,136,2023-04-22,urgences
8152,94,2023-10-05,généraliste
8153,256,2020-10-31,généraliste
8154,1222,2023-09-14,urgences
8155,265,2024-08-03,pédiatre
8156,580,2022-01-17,pédiatre
8157,2424,2025-05-04,urgences
8158,366,2022-05-14,urgences
8159,1416,2025-05-23,urgences
8160,2018,2022-02-17,généraliste
8161,1194,2019-09-14,généraliste
8162,1188,2025-01-11,urgences
8163,1013,2024-06-15,pédiatre
8164,2069,2022-03-29,généraliste
8165,2497,2021-10-25,urgences
8166,542,2022-12-15,pédiatre
8167,1474,2025-10-22,urgences
8168,2172,2025-08-10,urgences
8169,1015,2022-10-10,urgences
8170,965,2024-03-29,pédiatre
8171,140,2023-04-09,généraliste
8172,883,2021-12-18,pédiatre
8173,1798,2025-12-24,urgences
8174,110,2023-04-21,généraliste
8175,858,2025-05-24,urgences
8176,90,2025-11-27,pédiatre
8177,253,2021-04-10,généraliste
8178,1059,2025-10-19,généraliste
8179,638,2019-05-14,urgences
8180,2229,2024-01-12,urgences
8181,572,2025-11-22,pneumologue
8182,1693,2025-11-26,généraliste
8183,1910,2024-11-19,généraliste
8184,860,2023-11-15,généraliste
8185,680,2021-08-19,urgences
8186,2242,2025-12-15,généraliste
8187,1941,2025-04-15,urgences
8188,2344,2022-08-08,pédiatre
8189,480,2025-05-20,généraliste
8190,2414,2025-01-19,pédiatre
8191,1104,2023-05-01,généraliste
8192,1811,2024-08-11,pédiatre
8193,2499,2025-07-13,pneumologue
8194,1046,2021-03-04,urgences
8195,673,2022-01-31,urgences
8196,1360,2025-07-11,pédiatre
8197,110,2023-04-18,pédiatre
8198,1730,2021-06-27,généraliste
8199,174,2019-12-14,urgences
8200,947,2020-05-02,pédiatre
8201,1201,2023-04-03,généraliste
8202,1729,2019-04-23,généraliste
8203,1751,2025-07-03,pneumologue
8204,302,2024-05-16,pédiatre
8205,1352,2024-11-29,généraliste
8206,2229,2022-05-05,pédiatre
8207,258,2023-05-21,généraliste
8208,205,2023-06-30,généraliste
8209,720,2020-09-25,pédiatre
8210,1508,2021-03-29,généraliste
8211,405,2020-08-29,généraliste
8212,799,2020-08-13,pédiatre
8213,989,2022-11-30,urgences
8214,2454,2024-02-03,pneumologue
8215,1760,2020-02-25,pédiatre
8216,326,2024-04-20,pédiatre
8217,24,2024-10-12,urgences
8218,54,2024-05-24,urgences
8219,865,2025-07-23,pédiatre
8220,480,2020-12-19,urgences
8221,1115,2021-11-20,généraliste
8222,117,2023-11-29,généraliste
8223,611,2019-06-24,pédiatre
8224,1675,2025-12-25,pédiatre
8225,2277,2022-04-14,urgences
8226,1556,2023-04-28,généraliste
8227,2019,2024-10-15,urgences
8228,820,2021-11-04,pédiatre
8229,1580,2025-08-31,généraliste
8230,985,2025-12-24,urgences
8231,2210,2022-05-11,pédiatre
8232,133,2020-07-25,urgences
8233,2480,2021-09-15,généraliste
8234,2189,2023-09-11,urgences
8235,1243,2025-04-17,généraliste
8236,1915,2023-02-22,urgences
8237,1894,2022-08-11,généraliste
8238,2373,2022-10-05,urgences
8239,368,2025-06-04,pédiatre
8240,1974,2022-04-04,urgences
8241,571,2024-01-14,généraliste
8242,1143,2023-06-12,généraliste
8243,1797,2023-07-14,urgences
8244,311,2021-09-25,urgences
8245,808,2019-04-29,pédiatre
8246,2208,2024-05-10,pneumologue
8247,1809,2022-10-15,urgences
8248,879,2024-07-17,urgences
8249,254,2025-12-22,pédiatre
8250,813,2022-01-11,généraliste
8251,295,2020-11-02,urgences
8252,553,2023-01-26,pédiatre
8253,2380,2024-02-21,généraliste
8254,358,2023-12-11,pédiatre
8255,2192,2025-01-30,généraliste
8256,457,2022-05-12,pédiatre
8257,1048,2021-04-23,urgences
8258,2164,2025-01-18,urgences
8259,58,2025-05-17,généraliste
8260,1206,2023-10-12,pédiatre
8261,1150,2023-06-30,généraliste
8262,1364,2025-11-05,urgences
8263,676,2023-02-24,urgences
8264,184,2020-11-06,urgences
8265,758,2025-03-19,généraliste
8266,857,2022-08-31,pédiatre
8267,2239,2024-07-15,urgences
8268,2173,2025-04-24,généraliste
8269,1131,2025-05-08,pédiatre
8270,1172,2025-12-15,généraliste
8271,1814,2025-08-03,pédiatre
8272,2439,2025-02-19,urgences
8273,939,2019-08-14,généraliste
8274,1304,2024-10-26,généraliste
8275,2104,2022-06-19,urgences
8276,205,2024-09-08,pédiatre
8277,1823,2020-11-23,urgences
8278,1140,2022-05-12,généraliste
8279,201,2025-09-01,pneumologue
8280,575,2022-03-02,pédiatre
8281,1556,2022-03-23,urgences
8282,2198,2019-01-11,urgences
8283,160,2025-11-18,pneumologue
8284,2402,2024-06-25,urgences
8285,144,2024-06-18,pédiatre
8286,235,2025-08-15,généraliste
8287,2314,2024-03-11,urgences
8288,2059,2021-05-21,pédiatre
8289,1627,2025-08-04,généraliste
8290,2040,2023-02-20,urgences
8291,449,2025-04-13,pédiatre
8292,2041,2023-06-03,urgences
8293,711,2024-06-10,urgences
8294,2308,2021-06-10,pédiatre
8295,17,2021-12-19,généraliste
8296,2123,2023-01-07,pneumologue
8297,2426,2025-06-12,pneumologue
8298,2449,2022-07-29,urgences
8299,2427,2022-08-02,pédiatre
8300,1912,2024-06-25,urgences
8301,1556,2021-09-28,urgences
8302,1330,2023-09-07,généraliste
8303,2055,2024-04-20,généraliste
8304,81,2024-11-16,urgences
8305,1839,2023-04-29,urgences
8306,1330,2021-03-30,généraliste
8307,1649,2025-06-08,urgences
8308,1968,2022-12-07,pneumologue
8309,309,2022-07-14,urgences
8310,56,2023-01-24,urgences
8311,891,2025-07-30,pédiatre
8312,2033,2024-10-22,généraliste
8313,1083,2023-03-01,urgences
8314,809,2022-04-19,urgences
8315,2186,2025-12-21,généraliste
8316,1548,2025-01-05,pneumologue
8317,2310,2022-01-24,urgences
8318,836,2022-10-30,généraliste
8319,2008,2019-10-16,généraliste
8320,2419,2023-04-01,généraliste
8321,1610,2020-05-24,urgences
8322,2287,2023-10-16,généraliste
8323,352,2022-09-12,urgences
8324,1599,2025-07-26,pédiatre
8325,134,2025-08-11,urgences
8326,2467,2021-04-08,généraliste
8327,938,2022-07-08,urgences
8328,1314,2020-09-24,urgences
8329,2310,2025-03-03,urgences
8330,1027,2025-09-24,urgences
8331,984,2025-09-19,urgences
8332,2018,2019-11-02,pédiatre
8333,1572,2025-06-04,généraliste
8334,1754,2022-07-28,pneumologue
8335,1698,2024-10-24,pneumologue
8336,2253,2024-06-16,pneumologue
8337,1381,2024-07-08,pédiatre
8338,2288,2022-02-16,pédiatre
8339,670,2022-06-30,urgences
8340,1748,2019-05-02,pédiatre
8341,1579,2021-06-25,urgences
8342,1681,2019-03-08,urgences
8343,1660,2023-09-21,urgences
8344,1510,2023-02-27,urgences
8345,118,2021-03-02,généraliste
8346,646,2023-04-23,pédiatre
8347,1769,2025-11-28,pédiatre
8348,725,2019-08-31,généraliste
8349,833,2022-03-29,urgences
8350,942,2023-10-06,urgences
8351,1220,2022-01-09,urgences
8352,1070,2021-11-04,pédiatre
8353,175,2022-07-26,pédiatre
8354,123,2024-04-20,généraliste
8355,851,2024-03-26,urgences
8356,1560,2024-05-23,pneumologue
8357,67,2025-08-10,urgences
8358,2497,2021-06-21,généraliste
8359,2326,2023-10-02,généraliste
8360,2140,2021-06-14,urgences
8361,211,2023-04-05,pédiatre
8362,1619,2025-12-24,pneumologue
8363,486,2023-05-11,urgences
8364,947,2023-10-22,pédiatre
8365,747,2025-06-21,pneumologue
8366,266,2025-03-08,pédiatre
8367,77,2021-03-05,pédiatre
8368,1146,2021-02-25,pneumologue
8369,1468,2019-12-15,urgences
8370,70,2024-12-12,généraliste
8371,580,2024-01-02,pédiatre
8372,1220,2023-08-02,urgences
8373,1125,2024-02-12,pédiatre
8374,1019,2023-09-03,pédiatre
8375,1416,2025-06-23,pédiatre
8376,1733,2020-04-27,urgences
8377,1231,2025-12-01,généraliste
8378,1446,2024-11-19,pneumologue
8379,543,2019-10-12,généraliste
8380,1035,2024-09-20,pédiatre
8381,7,2024-12-07,pédiatre
8382,1065,2025-03-05,généraliste
8383,1500,2020-10-17,pédiatre
8384,706,2025-10-22,urgences
8385,2007,2025-10-06,pédiatre
8386,979,2024-10-24,généraliste
8387,2071,2021-02-16,urgences
8388,1588,2022-03-26,urgences
8389,432,2025-07-21,pédiatre
8390,495,2019-09-21,pédiatre
8391,1962,2025-06-01,pédiatre
8392,107,2021-12-02,pédiatre
8393,1828,2024-01-27,urgences
8394,259,2025-05-24,pédiatre
8395,2409,2021-12-11,pédiatre
8396,346,2020-12-30,pédiatre
8397,1599,2025-03-26,pédiatre
8398,1907,2022-10-03,urgences
8399,1211,2019-05-03,pédiatre
8400,1445,2021-01-28,pédiatre
8401,1576,2022-05-06,généraliste
8402,2332,2021-08-19,urgences
8403,2392,2025-02-07,pneumologue
8404,629,2023-12-09,urgences
8405,1710,2023-08-18,pédiatre
8406,86,2022-02-22,pneumologue
8407,1455,2021-05-11,urgences
8408,2279,2019-09-16,urgences
8409,393,2021-06-11,généraliste
8410,1236,2022-03-20,urgences
8411,2105,2024-05-05,généraliste
8412,193,2022-05-15,urgences
8413,1159,2023-01-04,pédiatre
8414,2377,2023-09-29,pneumologue
8415,316,2020-07-23,généraliste
8416,1518,2020-06-28,pédiatre
8417,2073,2021-05-14,pédiatre
8418,1287,2025-09-21,pneumologue
8419,2296,2019-12-01,généraliste
8420,1115,2020-05-11,pédiatre
8421,379,2023-01-29,généraliste
8422,2312,2024-01-18,urgences
8423,2246,2022-01-13,pédiatre
8424,13,2024-11-11,pédiatre
8425,1925,2022-04-19,urgences
8426,571,2025-07-26,généraliste
8427,1957,2025-07-14,urgences
8428,2441,2025-02-13,pneumologue
8429,809,2025-03-06,urgences
8430,1180,2025-04-23,urgences
8431,1546,2025-10-12,généraliste
8432,951,2020-11-29,urgences
8433,1521,2019-04-23,urgences
8434,2445,2024-07-30,généraliste
8435,1374,2022-09-17,urgences
8436,525,2025-01-17,généraliste
8437,2310,2023-09-05,pédiatre
8438,775,2022-06-11,généraliste
8439,2473,2025-06-09,généraliste
8440,329,2023-04-17,pédiatre
8441,231,2024-06-22,pneumologue
8442,1387,2025-10-07,urgences
8443,1174,2025-03-20,pneumologue
8444,1984,2019-07-23,urgences
8445,777,2022-07-19,urgences
8446,2075,2020-05-17,urgences
8447,1870,2023-05-06,généraliste
8448,1269,2023-10-17,pédiatre
8449,986,2023-07-08,généraliste
8450,270,2020-10-07,pédiatre
8451,579,2022-04-20,pédiatre
8452,280,2025-05-11,généraliste
8453,1956,2020-09-26,généraliste
8454,2392,2024-04-06,pédiatre
8455,1651,2024-04-25,urgences
8456,1692,2021-12-15,généraliste
8457,1952,2019-06-06,pédiatre
8458,1150,2022-10-06,pédiatre
8459,951,2021-01-27,urgences
8460,638,2019-11-18,généraliste
8461,1688,2025-12-23,généraliste
8462,1853,2024-02-28,généraliste
8463,811,2025-05-21,généraliste
8464,2386,2024-04-09,généraliste
8465,2204,2023-09-05,pédiatre
8466,277,2025-09-10,urgences
8467,1407,2020-05-02,généraliste
8468,341,2025-04-04,généraliste
8469,960,2020-12-23,pneumologue
8470,61,2020-01-05,pédiatre
8471,284,2022-04-23,pédiatre
8472,1273,2024-10-31,pédiatre
8473,1890,2020-09-10,généraliste
8474,235,2024-04-26,pneumologue
8475,1658,2023-08-17,urgences
8476,783,2024-10-08,pédiatre
8477,1889,2023-06-12,urgences
8478,375,2025-05-24,généraliste
8479,1731,2020-03-12,généraliste
8480,1792,2025-11-04,pédiatre
8481,2043,2021-11-10,urgences
8482,1468,2025-05-28,pédiatre
8483,1154,2025-03-08,pédiatre
8484,1201,2021-05-26,pédiatre
8485,420,2020-10-25,urgences
8486,94,2020-02-25,généraliste
8487,703,2022-09-30,pédiatre
8488,1423,2019-11-24,pédiatre
8489,1986,2024-09-27,pédiatre
8490,1502,2024-06-07,urgences
8491,1068,2022-10-28,généraliste
8492,1012,2025-04-03,urgences
8493,1078,2022-02-27,pédiatre
8494,886,2025-07-10,pédiatre
8495,2049,2023-08-21,généraliste
8496,2176,2024-11-04,urgences
8497,779,2025-05-10,pédiatre
8498,419,2025-01-23,pneumologue
8499,1904,2024-09-11,pédiatre
8500,2345,2020-01-01,pédiatre
8501,1928,2024-01-06,pédiatre
8502,2102,2020-12-30,pédiatre
8503,659,2024-01-31,pédiatre
8504,1199,2023-01-11,pédiatre
8505,2326,2022-11-14,généraliste
8506,1495,2021-08-24,pédiatre
8507,2081,2022-10-08,généraliste
8508,1435,2019-11-13,urgences
8509,561,2024-03-31,pédiatre
8510,2475,2023-10-08,pneumologue
8511,64,2023-01-25,généraliste
8512,1375,2023-12-08,urgences
8513,602,2020-10-28,pédiatre
8514,1449,2021-08-17,généraliste
8515,399,2025-11-13,urgences
8516,846,2019-05-29,pédiatre
8517,978,2023-06-01,généraliste
8518,763,2023-07-04,urgences
8519,353,2025-12-01,urgences
8520,177,2022-11-09,pédiatre
8521,179,2025-08-19,généraliste
8522,1911,2025-08-03,généraliste
8523,1943,2024-10-28,généraliste
8524,1818,2021-01-15,urgences
8525,1619,2025-12-05,pédiatre
8526,1312,2019-10-29,généraliste
8527,120,2025-11-11,généraliste
8528,1472,2023-11-13,pédiatre
8529,1757,2020-08-23,pédiatre
8530,1108,2025-07-11,généraliste
8531,1619,2025-01-19,pneumologue
8532,90,2024-06-22,généraliste
8533,740,2020-08-17,urgences
8534,109,2025-11-09,pédiatre
8535,42,2024-05-14,pédiatre
8536,742,2021-12-12,généraliste
8537,2299,2025-12-16,pédiatre
8538,1147,2025-04-23,urgences
8539,2409,2022-08-28,généraliste
8540,790,2024-01-27,généraliste
8541,330,2020-03-20,généraliste
8542,142,2024-03-05,urgences
8543,213,2021-08-20,généraliste
8544,767,2024-11-26,généraliste
8545,1738,2025-04-10,urgences
8546,2111,2025-12-06,urgences
8547,496,2023-03-31,généraliste
8548,598,2025-10-26,pneumologue
8549,464,2021-11-10,pneumologue
8550,1304,2024-10-07,pneumologue
8551,1534,2024-12-12,généraliste
8552,1156,2024-12-24,généraliste
8553,1117,2022-01-07,généraliste
8554,1207,2025-12-05,généraliste
8555,1360,2025-05-31,pédiatre
8556,1794,2023-02-12,généraliste
8557,1008,2022-02-14,pédiatre
8558,1433,2023-12-20,généraliste
8559,2396,2022-12-13,pédiatre
8560,2063,2024-08-07,pédiatre
8561,2200,2024-03-02,généraliste
8562,1256,2024-03-17,généraliste
8563,1672,2020-06-22,pédiatre
8564,1804,2020-09-20,pédiatre
8565,1830,2023-11-18,pédiatre
8566,1143,2025-06-18,généraliste
8567,125,2024-08-01,généraliste
8568,1391,2022-04-16,généraliste
8569,1918,2025-03-29,urgences
8570,2336,2025-12-01,urgences
8571,1390,2022-05-18,généraliste
8572,589,2024-06-30,pédiatre
8573,1863,2023-10-24,généraliste
8574,648,2019-04-23,urgences
8575,888,2019-07-10,urgences
8576,48,2025-08-01,généraliste
8577,1081,2023-01-16,généraliste
8578,546,2020-02-25,urgences
8579,938,2022-10-11,généraliste
8580,1788,2022-08-27,urgences
8581,1013,2025-06-02,urgences
8582,1037,2021-01-26,urgences
8583,1838,2025-05-17,urgences
8584,304,2024-12-28,généraliste
8585,1868,2024-02-04,pédiatre
8586,2007,2024-07-13,pneumologue
8587,1846,2024-08-30,pédiatre
8588,1846,2021-04-17,pédiatre
8589,815,2019-06-30,urgences
8590,1835,2025-06-12,urgences
8591,2354,2025-10-05,pédiatre
8592,292,2024-02-15,généraliste
8593,2187,2022-11-11,généraliste
8594,2171,2023-08-28,pédiatre
8595,414,2024-06-27,pédiatre
8596,1101,2021-01-19,urgences
8597,1795,2022-04-26,pédiatre
8598,1397,2023-10-06,urgences
8599,2168,2023-08-23,pédiatre
8600,2058,2022-06-03,généraliste
8601,1792,2025-01-07,pédiatre
8602,1477,2025-06-03,pédiatre
8603,777,2023-08-12,pédiatre
8604,966,2023-03-25,urgences
8605,861,2023-05-07,pédiatre
8606,480,2023-05-11,urgences
8607,2492,2023-07-25,généraliste
8608,1634,2025-10-22,urgences
8609,2132,2025-11-16,pédiatre
8610,4,2021-07-22,pédiatre
8611,2089,2022-04-30,urgences
8612,2176,2025-08-10,généraliste
8613,2238,2025-08-26,généraliste
8614,1699,2021-04-07,généraliste
8615,86,2023-02-17,urgences
8616,526,2024-05-26,généraliste
8617,2370,2024-09-20,pédiatre
8618,1887,2024-08-06,urgences
8619,1438,2025-05-09,urgences
8620,1022,2020-09-23,urgences
8621,2461,2023-06-04,pédiatre
8622,760,2021-03-05,généraliste
8623,2049,2022-02-17,pédiatre
8624,1069,2024-07-02,pneumologue
8625,34,2023-06-13,urgences
8626,1744,2024-09-12,pédiatre
8627,2388,2025-08-18,urgences
8628,567,2023-09-29,pédiatre
8629,1105,2023-10-21,pédiatre
8630,404,2022-12-08,pédiatre
8631,1457,2023-04-30,urgences
8632,2082,2025-07-29,pédiatre
8633,241,2022-11-04,pédiatre
8634,1257,2023-12-10,généraliste
8635,2155,2024-12-30,généraliste
8636,741,2022-11-09,généraliste
8637,2091,2024-02-16,pédiatre
8638,1143,2023-06-23,généraliste
8639,1522,2022-05-29,pédiatre
8640,263,2023-05-19,urgences
8641,280,2022-03-19,urgences
8642,1874,2022-09-15,généraliste
8643,2177,2021-09-26,pédiatre
8644,681,2023-07-18,pédiatre
8645,1565,2019-11-10,pédiatre
8646,1228,2022-01-21,urgences
8647,1374,2023-11-02,pédiatre
8648,1651,2024-12-30,généraliste
8649,621,2025-11-13,généraliste
8650,2063,2021-08-15,urgences
8651,235,2025-11-13,pneumologue
8652,2087,2025-10-31,urgences
8653,833,2024-10-04,généraliste
8654,2400,2023-03-24,urgences
8655,2118,2023-06-06,pédiatre
8656,1174,2025-10-18,pneumologue
8657,1326,2025-04-01,pédiatre
8658,1274,2021-01-21,pédiatre
8659,235,2025-11-05,urgences
8660,1294,2024-07-09,urgences
8661,176,2025-12-03,pédiatre
8662,1481,2025-09-14,pédiatre
8663,1069,2022-03-12,pédiatre
8664,560,2020-10-21,urgences
8665,1360,2025-07-18,pneumologue
8666,351,2019-12-07,urgences
8667,1035,2025-06-10,généraliste
8668,1932,2024-07-03,généraliste
8669,2350,2024-07-18,généraliste
8670,2171,2021-02-10,pédiatre
8671,2356,2024-08-11,généraliste
8672,37,2023-04-02,pédiatre
8673,1782,2020-11-17,généraliste
8674,2293,2020-10-19,urgences
8675,1943,2025-01-11,généraliste
8676,2363,2019-10-20,généraliste
8677,1212,2025-08-05,urgences
8678,2204,2025-04-04,urgences
8679,1763,2023-09-26,pédiatre
8680,1771,2021-04-08,pédiatre
8681,1049,2020-06-08,urgences
8682,554,2023-12-24,urgences
8683,1262,2025-12-07,urgences
8684,1836,2022-09-23,pédiatre
8685,2040,2025-06-26,pneumologue
8686,1724,2019-09-29,généraliste
8687,628,2020-03-03,généraliste
8688,2392,2024-02-23,pédiatre
8689,919,2020-03-22,pédiatre
8690,1364,2024-11-17,généraliste
8691,1258,2025-07-25,urgences
8692,741,2024-01-26,généraliste
8693,109,2024-05-13,urgences
8694,1187,2024-06-03,pneumologue
8695,1524,2023-07-02,pneumologue
8696,1402,2021-07-25,urgences
8697,137,2023-06-13,pédiatre
8698,599,2019-03-26,généraliste
8699,541,2021-11-20,urgences
8700,2436,2023-07-25,généraliste
8701,1501,2024-03-27,généraliste
8702,1437,2025-12-28,urgences
8703,2138,2024-08-05,pédiatre
8704,1920,2020-10-31,généraliste
8705,353,2025-02-23,urgences
8706,2124,2025-05-13,urgences
8707,976,2019-04-04,généraliste
8708,2172,2025-12-04,urgences
8709,1750,2021-06-05,généraliste
8710,1219,2024-09-17,pédiatre
8711,601,2022-06-20,généraliste
8712,585,2019-03-15,urgences
8713,909,2020-08-28,urgences
8714,1648,2022-02-02,urgences
8715,2201,2024-12-29,pédiatre
8716,1735,2025-01-31,généraliste
8717,2189,2025-05-24,généraliste
8718,2078,2020-10-12,généraliste
8719,2199,2022-11-18,généraliste
8720,1815,2025-05-09,pédiatre
8721,1053,2023-12-08,urgences
8722,448,2025-05-25,urgences
8723,1292,2019-03-25,pédiatre
8724,233,2020-02-14,pédiatre
8725,496,2020-07-22,généraliste
8726,1694,2021-08-06,généraliste
8727,2473,2024-07-16,généraliste
8728,2015,2025-03-25,urgences
8729,890,2025-09-16,urgences
8730,2387,2023-11-08,pneumologue
8731,2038,2025-11-21,généraliste
8732,1588,2024-04-15,généraliste
8733,1911,2025-01-18,pédiatre
8734,943,2020-04-10,pédiatre
8735,1742,2020-11-24,urgences
8736,251,2020-04-21,pédiatre
8737,1123,2024-11-15,pédiatre
8738,596,2023-01-23,généraliste
8739,2196,2023-07-18,pédiatre
8740,1765,2025-09-23,urgences
8741,1826,2024-06-29,urgences
8742,1560,2023-06-16,urgences
8743,830,2022-08-05,pédiatre
8744,2155,2025-10-21,urgences
8745,183,2020-12-19,urgences
8746,139,2025-06-19,urgences
8747,2007,2024-10-11,généraliste
8748,1508,2024-04-25,généraliste
8749,1481,2024-04-03,pédiatre
8750,1244,2025-09-17,pédiatre
8751,885,2025-01-28,généraliste
8752,379,2022-10-19,généraliste
8753,741,2024-01-31,urgences
8754,307,2022-06-25,pédiatre
8755,966,2020-01-15,généraliste
8756,1350,2025-04-10,pédiatre
8757,1326,2020-11-12,urgences
8758,103,2021-09-17,pédiatre
8759,940,2024-11-23,pédiatre
8760,719,2022-11-03,urgences
8761,747,2022-03-18,généraliste
8762,248,2024-11-12,pneumologue
8763,2053,2025-12-19,pédiatre
8764,1077,2019-06-10,urgences
8765,553,2022-06-12,pédiatre
8766,1779,2020-05-07,urgences
8767,2474,2025-03-14,pédiatre
8768,477,2025-08-20,pédiatre
8769,1520,2025-07-18,pédiatre
8770,1174,2023-08-09,pneumologue
8771,2026,2025-07-13,urgences
8772,2385,2025-11-04,urgences
8773,1403,2022-04-12,urgences
8774,999,2024-09-12,généraliste
8775,1911,2024-08-25,généraliste
8776,865,2025-11-08,pédiatre
8777,94,2019-12-05,urgences
8778,1314,2025-11-04,urgences
8779,488,2024-06-24,urgences
8780,1311,2025-02-17,généraliste
8781,166,2022-02-05,pédiatre
8782,2346,2025-12-29,pneumologue
8783,1466,2025-08-27,pneumologue
8784,2117,2020-07-10,pédiatre
8785,2326,2020-09-23,pédiatre
8786,527,2020-03-21,pédiatre
8787,224,2024-08-10,pédiatre
8788,1728,2025-11-04,urgences
8789,1823,2021-04-07,urgences
8790,1983,2023-11-10,pédiatre
8791,1422,2021-04-01,pédiatre
8792,713,2021-01-18,urgences
8793,2377,2023-01-04,généraliste
8794,1048,2023-06-15,généraliste
8795,871,2024-01-15,généraliste
8796,1704,2022-05-27,pédiatre
8797,100,2025-05-23,pédiatre
8798,1907,2025-07-17,urgences
8799,811,2025-02-15,pédiatre
8800,1203,2020-06-07,généraliste
8801,858,2025-03-31,pneumologue
8802,1754,2024-01-13,généraliste
8803,76,2024-12-04,généraliste
8804,1791,2025-12-14,pédiatre
8805,1183,2025-05-15,généraliste
8806,1651,2025-01-14,généraliste
8807,1516,2021-03-15,généraliste
8808,2087,2025-08-29,pédiatre
8809,1500,2025-02-18,pédiatre
8810,2058,2022-10-30,pédiatre
8811,1765,2025-02-23,généraliste
8812,1029,2019-05-04,pédiatre
8813,956,2020-02-27,pédiatre
8814,1340,2025-09-13,pédiatre
8815,2491,2019-11-27,pédiatre
8816,2311,2025-09-12,généraliste
8817,410,2025-11-01,urgences
8818,2105,2023-11-25,pédiatre
8819,1722,2020-12-02,généraliste
8820,1711,2020-05-12,pédiatre
8821,1328,2021-05-06,urgences
8822,1340,2024-03-29,urgences
8823,745,2023-08-08,généraliste
8824,100,2023-04-09,pédiatre
8825,1845,2025-04-27,pneumologue
8826,1733,2024-09-09,généraliste
8827,2010,2021-11-01,généraliste
8828,352,2025-08-17,généraliste
8829,868,2023-02-25,urgences
8830,1562,2022-12-15,urgences
8831,291,2025-06-14,pédiatre
8832,1853,2024-05-03,pédiatre
8833,532,2024-05-16,généraliste
8834,1735,2025-04-24,pédiatre
8835,1965,2021-03-06,urgences
8836,130,2024-01-29,urgences
8837,31,2023-10-22,généraliste
8838,1841,2024-02-15,urgences
8839,225,2023-01-06,généraliste
8840,531,2025-01-18,urgences
8841,1288,2021-06-21,pédiatre
8842,2371,2024-11-28,pédiatre
8843,944,2024-08-08,urgences
8844,2170,2025-07-14,généraliste
8845,1441,2021-01-08,pédiatre
8846,1539,2021-09-19,généraliste
8847,258,2024-09-16,urgences
8848,1794,2024-08-12,généraliste
8849,1553,2025-11-06,urgences
8850,16,2023-01-13,généraliste
8851,2242,2022-12-07,pédiatre
8852,50,2023-07-14,urgences
8853,309,2022-07-23,urgences
8854,674,2024-02-05,pédiatre
8855,952,2023-07-11,urgences
8856,1730,2022-01-22,pneumologue
8857,2364,2021-05-14,généraliste
8858,1379,2021-04-09,urgences
8859,2154,2024-12-29,pédiatre
8860,1463,2025-01-21,urgences
8861,1664,2024-03-06,pédiatre
8862,1661,2024-11-30,urgences
8863,2046,2021-03-07,généraliste
8864,1707,2025-09-14,généraliste
8865,1836,2025-08-18,pédiatre
8866,287,2020-09-13,pédiatre
8867,190,2024-11-09,pédiatre
8868,1639,2023-04-28,urgences
8869,816,2022-08-06,urgences
8870,1324,2024-04-10,urgences
8871,1678,2023-12-22,urgences
8872,2136,2022-10-17,urgences
8873,752,2025-12-21,pédiatre
8874,147,2019-07-03,urgences
8875,1396,2021-12-04,pneumologue
8876,582,2019-05-03,généraliste
8877,1045,2025-07-10,urgences
8878,357,2025-07-21,pneumologue
8879,932,2023-01-26,urgences
8880,936,2025-04-19,urgences
8881,2275,2020-10-30,urgences
8882,2244,2025-02-06,généraliste
8883,15,2021-12-02,urgences
8884,2103,2025-06-14,urgences
8885,460,2022-07-01,urgences
8886,1884,2023-12-20,pédiatre
8887,2374,2025-01-09,généraliste
8888,67,2020-12-07,généraliste
8889,550,2020-06-06,généraliste
8890,1462,2024-10-02,généraliste
8891,1462,2025-10-28,pédiatre
8892,1714,2021-11-19,pédiatre
8893,2316,2025-10-06,généraliste
8894,44,2025-12-18,généraliste
8895,1991,2024-07-24,urgences
8896,712,2021-03-17,pédiatre
8897,404,2024-03-23,pneumologue
8898,1150,2025-08-04,généraliste
8899,2222,2023-06-12,urgences
8900,960,2022-12-05,généraliste
8901,1396,2025-05-06,pneumologue
8902,141,2025-03-31,pédiatre
8903,2301,2021-07-08,pédiatre
8904,998,2025-02-13,généraliste
8905,14,2025-06-04,pédiatre
8906,2478,2021-01-29,pédiatre
8907,737,2022-03-31,pneumologue
8908,940,2022-11-15,pneumologue
8909,1868,2021-02-19,urgences
8910,1999,2024-06-11,pédiatre
8911,1043,2025-06-23,pneumologue
8912,16,2023-03-21,pédiatre
8913,493,2023-11-01,généraliste
8914,1811,2025-08-24,pneumologue
8915,310,2020-11-30,pédiatre
8916,1517,2021-05-26,urgences
8917,776,2025-08-22,urgences
8918,2344,2022-07-24,urgences
8919,2172,2025-01-15,pédiatre
8920,553,2024-07-04,généraliste
8921,705,2022-09-18,généraliste
8922,273,2021-01-29,généraliste
8923,2247,2024-06-26,pédiatre
8924,1777,2020-02-23,pédiatre
8925,1599,2024-11-28,pédiatre
8926,819,2024-12-01,urgences
8927,21,2021-03-28,pédiatre
8928,1485,2024-02-12,généraliste
8929,1199,2023-08-19,généraliste
8930,1204,2022-01-28,pédiatre
8931,594,2022-09-28,généraliste
8932,1278,2025-12-11,généraliste
8933,173,2024-12-10,généraliste
8934,1728,2025-07-14,généraliste
8935,857,2025-12-17,pneumologue
8936,751,2022-04-16,pneumologue
8937,2452,2022-07-13,généraliste
8938,1430,2025-02-10,généraliste
8939,1327,2025-12-01,pédiatre
8940,2008,2023-09-30,généraliste
8941,862,2025-05-31,généraliste
8942,2319,2022-09-29,pédiatre
8943,2422,2024-12-06,pneumologue
8944,319,2019-11-24,généraliste
8945,1887,2021-11-11,généraliste
8946,1041,2019-08-30,pédiatre
8947,2289,2024-07-04,pédiatre
8948,1544,2024-10-21,pédiatre
8949,1254,2022-10-16,généraliste
8950,628,2021-09-27,urgences
8951,1651,2024-02-04,pédiatre
8952,2376,2024-08-03,pédiatre
8953,2243,2021-12-31,urgences
8954,2184,2024-12-10,pédiatre
8955,2064,2021-04-19,urgences
8956,2185,2022-11-03,urgences
8957,1560,2025-05-15,pneumologue
8958,2500,2022-10-30,généraliste
8959,1610,2022-12-01,urgences
8960,1226,2020-01-09,généraliste
8961,2297,2024-02-23,pédiatre
8962,383,2019-05-15,généraliste
8963,1900,2024-07-14,pédiatre
8964,1698,2024-11-02,généraliste
8965,2155,2025-07-02,pneumologue
8966,1110,2023-04-15,pédiatre
8967,1093,2019-04-20,urgences
8968,1841,2021-06-24,urgences
8969,1896,2025-07-01,pédiatre
8970,981,2019-01-06,généraliste
8971,1130,2024-04-05,urgences
8972,1882,2023-08-12,généraliste
8973,322,2022-02-24,pédiatre
8974,1327,2025-07-17,pneumologue
8975,2153,2019-04-25,généraliste
8976,1641,2025-06-04,pédiatre
8977,1944,2025-06-18,généraliste
8978,220,2024-01-29,généraliste
8979,1852,2025-09-16,pneumologue
8980,1072,2024-12-14,généraliste
8981,288,2025-12-23,généraliste
8982,1515,2025-12-26,pédiatre
8983,846,2021-07-25,généraliste
8984,1898,2023-01-28,généraliste
8985,118,2019-12-22,pédiatre
8986,1850,2021-08-15,urgences
8987,2089,2021-04-02,pédiatre
8988,2060,2022-02-03,urgences
8989,590,2021-04-23,urgences
8990,990,2025-06-23,pédiatre
8991,2172,2025-07-18,pneumologue
8992,307,2020-08-09,généraliste
8993,1941,2024-02-20,pédiatre
8994,2468,2025-08-28,pédiatre
8995,2048,2025-12-19,urgences
8996,960,2024-03-04,pédiatre
8997,830,2020-06-05,pédiatre
8998,1831,2023-10-16,pédiatre
8999,1505,2024-06-26,pédiatre
9000,2281,2025-11-18,urgences
9001,1413,2024-09-11,généraliste
9002,2036,2025-06-09,urgences
9003,2483,2023-10-31,urgences
9004,1292,2023-08-15,pédiatre
9005,583,2021-08-10,urgences
9006,1913,2024-04-10,pédiatre
9007,909,2022-04-02,pédiatre
9008,171,2025-10-08,pédiatre
9009,720,2023-06-11,généraliste
9010,476,2024-07-22,généraliste
9011,1997,2024-08-06,pédiatre
9012,1352,2024-11-14,pédiatre
9013,1150,2025-10-10,pédiatre
9014,5,2024-01-27,urgences
9015,681,2021-12-22,pneumologue
9016,337,2023-07-05,pédiatre
9017,1256,2023-06-27,généraliste
9018,379,2020-11-22,généraliste
9019,172,2025-01-27,pédiatre
9020,2224,2025-10-02,pédiatre
9021,1758,2022-12-30,pédiatre
9022,1265,2020-04-27,généraliste
9023,282,2021-04-20,généraliste
9024,134,2023-02-14,généraliste
9025,2254,2025-11-27,généraliste
9026,1772,2025-12-20,généraliste
9027,231,2022-10-31,urgences
9028,1034,2025-06-21,généraliste
9029,726,2019-11-29,pédiatre
9030,1967,2022-02-10,urgences
9031,1550,2024-09-13,généraliste
9032,383,2023-03-22,pédiatre
9033,449,2022-01-28,généraliste
9034,1890,2024-03-03,pédiatre
9035,2314,2019-07-02,pédiatre
9036,1375,2023-03-22,pédiatre
9037,756,2023-08-16,généraliste
9038,2003,2023-03-28,urgences
9039,190,2023-10-09,urgences
9040,779,2025-07-23,urgences
9041,1086,2024-12-15,pédiatre
9042,674,2019-06-06,pédiatre
9043,2340,2025-09-30,urgences
9044,1920,2020-04-26,généraliste
9045,1102,2019-08-16,pédiatre
9046,1453,2023-01-10,généraliste
9047,1123,2021-04-01,urgences
9048,1587,2025-08-10,pédiatre
9049,1941,2024-08-13,pneumologue
9050,1238,2024-05-21,généraliste
9051,434,2022-08-16,généraliste
9052,2341,2025-03-18,généraliste
9053,2045,2024-02-24,pneumologue
9054,824,2019-10-21,pneumologue
9055,704,2025-05-17,généraliste
9056,254,2025-06-22,pédiatre
9057,1001,2021-02-12,pédiatre
9058,1503,2019-07-07,urgences
9059,2446,2022-11-05,urgences
9060,990,2024-03-19,pédiatre
9061,2025,2022-12-05,pédiatre
9062,1090,2022-08-26,urgences
9063,2312,2024-08-25,urgences
9064,2404,2019-08-24,urgences
9065,777,2025-11-13,urgences
9066,322,2020-04-01,urgences
9067,2430,2023-07-26,urgences
9068,2178,2025-08-19,pneumologue
9069,1905,2021-04-01,pédiatre
9070,393,2023-05-17,urgences
9071,1116,2019-03-12,urgences
9072,137,2024-07-02,généraliste
9073,1542,2025-07-05,généraliste
9074,18,2023-10-01,pédiatre
9075,309,2025-06-20,pneumologue
9076,2305,2025-04-28,pneumologue
9077,2402,2023-06-24,pédiatre
9078,1129,2023-08-23,généraliste
9079,1886,2022-12-28,urgences
